Workbook
Name taylor_swift_spotify_1: 'Raw Data'!$B$2:$B$584

Sheet Raw Data
B2: ,name,album,release_date,track_number,id,uri,acousticness,danceability,energy,instrumentalness,liveness,loudness,speechiness,tempo,valence,popularity,duration_ms
B3: 0,Fortnight (feat. Post Malone),THE TORTURED POETS DEPARTMENT: THE ANTHOLOGY,2024-04-19,1,6dODwocEuGzHAavXqTbwHv,spotify:track:6dODwocEuGzHAavXqTbwHv,0.502,0.504,0.386,1.53e-05,0.0961,-10.976,0.0308,192.004,0.281,82,228965
B4: 1,The Tortured Poets Department,THE TORTURED POETS DEPARTMENT: THE ANTHOLOGY,2024-04-19,2,4PdLaGZubp4lghChqp8erB,spotify:track:4PdLaGZubp4lghChqp8erB,0.0483,0.604,0.428,0.0,0.126,-8.441,0.0255,110.259,0.292,79,293048
B5: 2,My Boy Only Breaks His Favorite Toys,THE TORTURED POETS DEPARTMENT: THE ANTHOLOGY,2024-04-19,3,7uGYWMwRy24dm7RUDDhUlD,spotify:track:7uGYWMwRy24dm7RUDDhUlD,0.137,0.596,0.563,0.0,0.302,-7.362,0.0269,97.073,0.481,80,203801
B6: 3,Down Bad,THE TORTURED POETS DEPARTMENT: THE ANTHOLOGY,2024-04-19,4,1kbEbBdEgQdQeLXCJh28pJ,spotify:track:1kbEbBdEgQdQeLXCJh28pJ,0.56,0.541,0.366,1e-06,0.0946,-10.412,0.0748,159.707,0.168,82,261228
B7: 4,"So Long, London",THE TORTURED POETS DEPARTMENT: THE ANTHOLOGY,2024-04-19,5,7wAkQFShJ27V8362MqevQr,spotify:track:7wAkQFShJ27V8362MqevQr,0.73,0.423,0.533,0.00264,0.0816,-11.388,0.322,160.218,0.248,80,262974
B8: 5,But Daddy I Love Him,THE TORTURED POETS DEPARTMENT: THE ANTHOLOGY,2024-04-19,6,4QMgEffJQuKtjCNvqfRZ0m,spotify:track:4QMgEffJQuKtjCNvqfRZ0m,0.384,0.521,0.72,0.0,0.135,-7.684,0.104,79.943,0.438,81,340428
B9: 6,Fresh Out The Slammer,THE TORTURED POETS DEPARTMENT: THE ANTHOLOGY,2024-04-19,7,7IWcDWOfiooH5hRs9XOVYz,spotify:track:7IWcDWOfiooH5hRs9XOVYz,0.624,0.33,0.483,0.0,0.111,-9.394,0.0399,87.115,0.34,78,210789
B10: 7,Florida!!! (feat. Florence + The Machine),THE TORTURED POETS DEPARTMENT: THE ANTHOLOGY,2024-04-19,8,5ExOm0dh4NyRyAdSAO9hyM,spotify:track:5ExOm0dh4NyRyAdSAO9hyM,0.178,0.533,0.573,0.0,0.309,-7.123,0.138,150.088,0.398,79,215463
B11: 8,Guilty as Sin?,THE TORTURED POETS DEPARTMENT: THE ANTHOLOGY,2024-04-19,9,799KrpEbhZp0MHeiA8YK9P,spotify:track:799KrpEbhZp0MHeiA8YK9P,0.607,0.626,0.428,0.0,0.0921,-8.374,0.0261,94.95,0.487,82,254365
B12: 9,Who’s Afraid of Little Old Me?,THE TORTURED POETS DEPARTMENT: THE ANTHOLOGY,2024-04-19,10,2d8UxVNhJinc8uat9PoM9y,spotify:track:2d8UxVNhJinc8uat9PoM9y,0.315,0.606,0.338,0.0,0.106,-10.555,0.048,119.88,0.238,81,334084
B13: 10,I Can Fix Him (No Really I Can),THE TORTURED POETS DEPARTMENT: THE ANTHOLOGY,2024-04-19,11,5chnRTB9qMK3W1M41SnU9s,spotify:track:5chnRTB9qMK3W1M41SnU9s,0.768,0.661,0.257,1.72e-06,0.176,-13.961,0.045,106.896,0.318,77,156297
... B584: 581,Teardrops on My Guitar - Pop Version,Taylor Swift (Deluxe Edition),2006-10-24,15,1hxLyjC9D9Jpw6EAPKqWv4,spotify:track:1hxLyjC9D9Jpw6EAPKqWv4,0.0402,0.459,0.753,0.0,0.0863,-3.827,0.0537,199.997,0.483,55,179066

Sheet Clean Data
B2: name | C2: album | D2: release_date | E2: track_number | F2: acousticness | G2: danceability | H2: energy | I2: instrumentalness | J2: liveness | K2: loudness | L2: speechiness | M2: tempo | N2: valence | O2: popularity | P2: duration_ms | Q2: year | R2: duration_ms2 | S2: mood_category | T2: energy_category | U2: popularity_group
B3: Fortnight (feat. Post Malone) | C3: THE TORTURED POETS DEPARTMENT: THE ANTHOLOGY | D3: 45401 | E3: 1 | F3: 0.34861111 | G3: 0.35 | H3: 0.26805556 | I3: 1.53e-05 | J3: 0.66736111 | K3: -10976 | L3: 0.21388889 | M3: 192004 | N3: 0.19513889 | O3: 82 | P3: 228965 | Q3: =YEAR(Table13[[#This Row],[release_date]]) -> 2024 | R3: =ROUND(Table13[[#This Row],[duration_ms]]/60000,2) -> 3.82 | S3: =IF(Table13[[#This Row],[valence]]>=0.6, "Happy", IF(Table13[[#This Row],[valence]]>=0.4, "Neutral", "Sad")) -> Sad | T3: =IF(Table13[[#This Row],[energy]]>=0.7, "High Energy", IF(Table13[[#This Row],[energy]]>=0.4, "Medium Energy", "Low Energy")) -> Low Energy | U3: =IF(Table13[[#This Row],[popularity]]>70, "Popular", IF(Table13[[#This Row],[popularity]]<40, "Less Popular", "Mid")) -> Popular
B4: The Tortured Poets Department | C4: THE TORTURED POETS DEPARTMENT: THE ANTHOLOGY | D4: 45401 | E4: 2 | F4: 0.33541667 | G4: 0.41944444 | H4: 0.29722222 | I4: 0 | J4: 0.0875 | K4: -8441 | L4: 0.17708333 | M4: 110259 | N4: 0.20277778 | O4: 79 | P4: 293048 | Q4: =YEAR(Table13[[#This Row],[release_date]]) -> 2024 | R4: =ROUND(Table13[[#This Row],[duration_ms]]/60000,2) -> 4.88 | S4: =IF(Table13[[#This Row],[valence]]>=0.6, "Happy", IF(Table13[[#This Row],[valence]]>=0.4, "Neutral", "Sad")) -> Sad | T4: =IF(Table13[[#This Row],[energy]]>=0.7, "High Energy", IF(Table13[[#This Row],[energy]]>=0.4, "Medium Energy", "Low Energy")) -> Low Energy | U4: =IF(Table13[[#This Row],[popularity]]>70, "Popular", IF(Table13[[#This Row],[popularity]]<40, "Less Popular", "Mid")) -> Popular
B5: My Boy Only Breaks His Favorite Toys | C5: THE TORTURED POETS DEPARTMENT: THE ANTHOLOGY | D5: 45401 | E5: 3 | F5: 0.095138889 | G5: 0.41388889 | H5: 0.39097222 | I5: 0 | J5: 0.20972222 | K5: -7362 | L5: 0.18680556 | M5: 97073 | N5: 0.33402778 | O5: 80 | P5: 203801 | Q5: =YEAR(Table13[[#This Row],[release_date]]) -> 2024 | R5: =ROUND(Table13[[#This Row],[duration_ms]]/60000,2) -> 3.4 | S5: =IF(Table13[[#This Row],[valence]]>=0.6, "Happy", IF(Table13[[#This Row],[valence]]>=0.4, "Neutral", "Sad")) -> Sad | T5: =IF(Table13[[#This Row],[energy]]>=0.7, "High Energy", IF(Table13[[#This Row],[energy]]>=0.4, "Medium Energy", "Low Energy")) -> Low Energy | U5: =IF(Table13[[#This Row],[popularity]]>70, "Popular", IF(Table13[[#This Row],[popularity]]<40, "Less Popular", "Mid")) -> Popular
B6: Down Bad | C6: THE TORTURED POETS DEPARTMENT: THE ANTHOLOGY | D6: 45401 | E6: 4 | F6: 0.038888889 | G6: 0.37569444 | H6: 0.25416667 | I6: 1e-06 | J6: 0.65694444 | K6: -10412 | L6: 0.51944444 | M6: 159707 | N6: 0.11666667 | O6: 82 | P6: 261228 | Q6: =YEAR(Table13[[#This Row],[release_date]]) -> 2024 | R6: =ROUND(Table13[[#This Row],[duration_ms]]/60000,2) -> 4.35 | S6: =IF(Table13[[#This Row],[valence]]>=0.6, "Happy", IF(Table13[[#This Row],[valence]]>=0.4, "Neutral", "Sad")) -> Sad | T6: =IF(Table13[[#This Row],[energy]]>=0.7, "High Energy", IF(Table13[[#This Row],[energy]]>=0.4, "Medium Energy", "Low Energy")) -> Low Energy | U6: =IF(Table13[[#This Row],[popularity]]>70, "Popular", IF(Table13[[#This Row],[popularity]]<40, "Less Popular", "Mid")) -> Popular
B7: So Long, London | C7: THE TORTURED POETS DEPARTMENT: THE ANTHOLOGY | D7: 45401 | E7: 5 | F7: 0.050694444 | G7: 0.29375 | H7: 0.37013889 | I7: 0.00264 | J7: 0.56666667 | K7: -11388 | L7: 0.22361111 | M7: 160218 | N7: 0.17222222 | O7: 80 | P7: 262974 | Q7: =YEAR(Table13[[#This Row],[release_date]]) -> 2024 | R7: =ROUND(Table13[[#This Row],[duration_ms]]/60000,2) -> 4.38 | S7: =IF(Table13[[#This Row],[valence]]>=0.6, "Happy", IF(Table13[[#This Row],[valence]]>=0.4, "Neutral", "Sad")) -> Sad | T7: =IF(Table13[[#This Row],[energy]]>=0.7, "High Energy", IF(Table13[[#This Row],[energy]]>=0.4, "Medium Energy", "Low Energy")) -> Low Energy | U7: =IF(Table13[[#This Row],[popularity]]>70, "Popular", IF(Table13[[#This Row],[popularity]]<40, "Less Popular", "Mid")) -> Popular
B8: But Daddy I Love Him | C8: THE TORTURED POETS DEPARTMENT: THE ANTHOLOGY | D8: 45401 | E8: 6 | F8: 0.26666667 | G8: 0.36180556 | H8: 0.05 | I8: 0 | J8: 0.09375 | K8: -7684 | L8: 0.072222222 | M8: 79943 | N8: 0.30416667 | O8: 81 | P8: 340428 | Q8: =YEAR(Table13[[#This Row],[release_date]]) -> 2024 | R8: =ROUND(Table13[[#This Row],[duration_ms]]/60000,2) -> 5.67 | S8: =IF(Table13[[#This Row],[valence]]>=0.6, "Happy", IF(Table13[[#This Row],[valence]]>=0.4, "Neutral", "Sad")) -> Sad | T8: =IF(Table13[[#This Row],[energy]]>=0.7, "High Energy", IF(Table13[[#This Row],[energy]]>=0.4, "Medium Energy", "Low Energy")) -> Low Energy | U8: =IF(Table13[[#This Row],[popularity]]>70, "Popular", IF(Table13[[#This Row],[popularity]]<40, "Less Popular", "Mid")) -> Popular
B9: Fresh Out The Slammer | C9: THE TORTURED POETS DEPARTMENT: THE ANTHOLOGY | D9: 45401 | E9: 7 | F9: 0.43333333 | G9: 0.022916667 | H9: 0.33541667 | I9: 0 | J9: 0.077083333 | K9: -9394 | L9: 0.27708333 | M9: 87115 | N9: 0.023611111 | O9: 78 | P9: 210789 | Q9: =YEAR(Table13[[#This Row],[release_date]]) -> 2024 | R9: =ROUND(Table13[[#This Row],[duration_ms]]/60000,2) -> 3.51 | S9: =IF(Table13[[#This Row],[valence]]>=0.6, "Happy", IF(Table13[[#This Row],[valence]]>=0.4, "Neutral", "Sad")) -> Sad | T9: =IF(Table13[[#This Row],[energy]]>=0.7, "High Energy", IF(Table13[[#This Row],[energy]]>=0.4, "Medium Energy", "Low Energy")) -> Low Energy | U9: =IF(Table13[[#This Row],[popularity]]>70, "Popular", IF(Table13[[#This Row],[popularity]]<40, "Less Popular", "Mid")) -> Popular
B10: Florida!!! (feat. Florence + The Machine) | C10: THE TORTURED POETS DEPARTMENT: THE ANTHOLOGY | D10: 45401 | E10: 8 | F10: 0.12361111 | G10: 0.37013889 | H10: 0.39791667 | I10: 0 | J10: 0.21458333 | K10: -7123 | L10: 0.095833333 | M10: 150088 | N10: 0.27638889 | O10: 79 | P10: 215463 | Q10: =YEAR(Table13[[#This Row],[release_date]]) -> 2024 | R10: =ROUND(Table13[[#This Row],[duration_ms]]/60000,2) -> 3.59 | S10: =IF(Table13[[#This Row],[valence]]>=0.6, "Happy", IF(Table13[[#This Row],[valence]]>=0.4, "Neutral", "Sad")) -> Sad | T10: =IF(Table13[[#This Row],[energy]]>=0.7, "High Energy", IF(Table13[[#This Row],[energy]]>=0.4, "Medium Energy", "Low Energy")) -> Low Energy | U10: =IF(Table13[[#This Row],[popularity]]>70, "Popular", IF(Table13[[#This Row],[popularity]]<40, "Less Popular", "Mid")) -> Popular
B11: Guilty as Sin? | C11: THE TORTURED POETS DEPARTMENT: THE ANTHOLOGY | D11: 45401 | E11: 9 | F11: 0.42152778 | G11: 0.43472222 | H11: 0.29722222 | I11: 0 | J11: 0.63958333 | K11: -8374 | L11: 0.18125 | M11: 94.95 | N11: 0.33819444 | O11: 82 | P11: 254365 | Q11: =YEAR(Table13[[#This Row],[release_date]]) -> 2024 | R11: =ROUND(Table13[[#This Row],[duration_ms]]/60000,2) -> 4.24 | S11: =IF(Table13[[#This Row],[valence]]>=0.6, "Happy", IF(Table13[[#This Row],[valence]]>=0.4, "Neutral", "Sad")) -> Sad | T11: =IF(Table13[[#This Row],[energy]]>=0.7, "High Energy", IF(Table13[[#This Row],[energy]]>=0.4, "Medium Energy", "Low Energy")) -> Low Energy | U11: =IF(Table13[[#This Row],[popularity]]>70, "Popular", IF(Table13[[#This Row],[popularity]]<40, "Less Popular", "Mid")) -> Popular
B12: Who’s Afraid of Little Old Me? | C12: THE TORTURED POETS DEPARTMENT: THE ANTHOLOGY | D12: 45401 | E12: 10 | F12: 0.21875 | G12: 0.42083333 | H12: 0.23472222 | I12: 0 | J12: 0.073611111 | K12: -10555 | L12: 0.048 | M12: 119.88 | N12: 0.16527778 | O12: 81 | P12: 334084 | Q12: =YEAR(Table13[[#This Row],[release_date]]) -> 2024 | R12: =ROUND(Table13[[#This Row],[duration_ms]]/60000,2) -> 5.57 | S12: =IF(Table13[[#This Row],[valence]]>=0.6, "Happy", IF(Table13[[#This Row],[valence]]>=0.4, "Neutral", "Sad")) -> Sad | T12: =IF(Table13[[#This Row],[energy]]>=0.7, "High Energy", IF(Table13[[#This Row],[energy]]>=0.4, "Medium Energy", "Low Energy")) -> Low Energy | U12: =IF(Table13[[#This Row],[popularity]]>70, "Popular", IF(Table13[[#This Row],[popularity]]<40, "Less Popular", "Mid")) -> Popular
B13: I Can Fix Him (No Really I Can) | C13: THE TORTURED POETS DEPARTMENT: THE ANTHOLOGY | D13: 45401 | E13: 11 | F13: 0.53333333 | G13: 0.45902778 | H13: 0.17847222 | I13: 1.72e-06 | J13: 0.12222222 | K13: -13961 | L13: 0.045 | M13: 106896 | N13: 0.22083333 | O13: 77 | P13: 156297 | Q13: =YEAR(Table13[[#This Row],[release_date]]) -> 2024 | R13: =ROUND(Table13[[#This Row],[duration_ms]]/60000,2) -> 2.6 | S13: =IF(Table13[[#This Row],[valence]]>=0.6, "Happy", IF(Table13[[#This Row],[valence]]>=0.4, "Neutral", "Sad")) -> Sad | T13: =IF(Table13[[#This Row],[energy]]>=0.7, "High Energy", IF(Table13[[#This Row],[energy]]>=0.4, "Medium Energy", "Low Energy")) -> Low Energy | U13: =IF(Table13[[#This Row],[popularity]]>70, "Popular", IF(Table13[[#This Row],[popularity]]<40, "Less Popular", "Mid")) -> Popular
B14: loml | C14: THE TORTURED POETS DEPARTMENT: THE ANTHOLOGY | D14: 45401 | E14: 12 | F14: 0.59583333 | G14: 0.29375 | H14: 0.18888889 | I14: 0 | J14: 0.075 | K14: -12.56 | L14: 0.33958333 | M14: 78539 | N14: 0.13541667 | O14: 80 | P14: 277156 | Q14: =YEAR(Table13[[#This Row],[release_date]]) -> 2024 | R14: =ROUND(Table13[[#This Row],[duration_ms]]/60000,2) -> 4.62 | S14: =IF(Table13[[#This Row],[valence]]>=0.6, "Happy", IF(Table13[[#This Row],[valence]]>=0.4, "Neutral", "Sad")) -> Sad | T14: =IF(Table13[[#This Row],[energy]]>=0.7, "High Energy", IF(Table13[[#This Row],[energy]]>=0.4, "Medium Energy", "Low Energy")) -> Low Energy | U14: =IF(Table13[[#This Row],[popularity]]>70, "Popular", IF(Table13[[#This Row],[popularity]]<40, "Less Popular", "Mid")) -> Popular
B15: I Can Do It With a Broken Heart | C15: THE TORTURED POETS DEPARTMENT: THE ANTHOLOGY | D15: 45401 | E15: 13 | F15: 0.085416667 | G15: 0.48680556 | H15: 0.52152778 | I15: 0 | J15: 0.010416667 | K15: -8.39 | L15: 0.34861111 | M15: 129994 | N15: 0.015277778 | O15: 82 | P15: 218004 | Q15: =YEAR(Table13[[#This Row],[release_date]]) -> 2024 | R15: =ROUND(Table13[[#This Row],[duration_ms]]/60000,2) -> 3.63 | S15: =IF(Table13[[#This Row],[valence]]>=0.6, "Happy", IF(Table13[[#This Row],[valence]]>=0.4, "Neutral", "Sad")) -> Sad | T15: =IF(Table13[[#This Row],[energy]]>=0.7, "High Energy", IF(Table13[[#This Row],[energy]]>=0.4, "Medium Energy", "Low Energy")) -> Medium Energy | U15: =IF(Table13[[#This Row],[popularity]]>70, "Popular", IF(Table13[[#This Row],[popularity]]<40, "Less Popular", "Mid")) -> Popular
B16: The Smallest Man Who Ever Lived | C16: THE TORTURED POETS DEPARTMENT: THE ANTHOLOGY | D16: 45401 | E16: 14 | F16: 0.036111111 | G16: 0.29583333 | H16: 0.028472222 | I16: 0 | J16: 0.23472222 | K16: -9083 | L16: 0.40347222 | M16: 142377 | N16: 0.18263889 | O16: 81 | P16: 245541 | Q16: =YEAR(Table13[[#This Row],[release_date]]) -> 2024 | R16: =ROUND(Table13[[#This Row],[duration_ms]]/60000,2) -> 4.09 | S16: =IF(Table13[[#This Row],[valence]]>=0.6, "Happy", IF(Table13[[#This Row],[valence]]>=0.4, "Neutral", "Sad")) -> Sad | T16: =IF(Table13[[#This Row],[energy]]>=0.7, "High Energy", IF(Table13[[#This Row],[energy]]>=0.4, "Medium Energy", "Low Energy")) -> Low Energy | U16: =IF(Table13[[#This Row],[popularity]]>70, "Popular", IF(Table13[[#This Row],[popularity]]<40, "Less Popular", "Mid")) -> Popular
B17: The Alchemy | C17: THE TORTURED POETS DEPARTMENT: THE ANTHOLOGY | D17: 45401 | E17: 15 | F17: 0.29305556 | G17: 0.044444444 | H17: 0.29236111 | I17: 0 | J17: 0.071527778 | K17: -8802 | L17: 0.18958333 | M17: 100056 | N17: 0.24513889 | O17: 78 | P17: 196900 | Q17: =YEAR(Table13[[#This Row],[release_date]]) -> 2024 | R17: =ROUND(Table13[[#This Row],[duration_ms]]/60000,2) -> 3.28 | S17: =IF(Table13[[#This Row],[valence]]>=0.6, "Happy", IF(Table13[[#This Row],[valence]]>=0.4, "Neutral", "Sad")) -> Sad | T17: =IF(Table13[[#This Row],[energy]]>=0.7, "High Energy", IF(Table13[[#This Row],[energy]]>=0.4, "Medium Energy", "Low Energy")) -> Low Energy | U17: =IF(Table13[[#This Row],[popularity]]>70, "Popular", IF(Table13[[#This Row],[popularity]]<40, "Less Popular", "Mid")) -> Popular
B18: Clara Bow | C18: THE TORTURED POETS DEPARTMENT: THE ANTHOLOGY | D18: 45401 | E18: 16 | F18: 0.44166667 | G18: 0.47638889 | H18: 0.22083333 | I18: 0.00144 | J18: 0.073611111 | K18: -11046 | L18: 0.18263889 | M18: 104088 | N18: 0.14861111 | O18: 76 | P18: 216662 | Q18: =YEAR(Table13[[#This Row],[release_date]]) -> 2024 | R18: =ROUND(Table13[[#This Row],[duration_ms]]/60000,2) -> 3.61 | S18: =IF(Table13[[#This Row],[valence]]>=0.6, "Happy", IF(Table13[[#This Row],[valence]]>=0.4, "Neutral", "Sad")) -> Sad | T18: =IF(Table13[[#This Row],[energy]]>=0.7, "High Energy", IF(Table13[[#This Row],[energy]]>=0.4, "Medium Energy", "Low Energy")) -> Low Energy | U18: =IF(Table13[[#This Row],[popularity]]>70, "Popular", IF(Table13[[#This Row],[popularity]]<40, "Less Popular", "Mid")) -> Popular
B19: The Black Dog | C19: THE TORTURED POETS DEPARTMENT: THE ANTHOLOGY | D19: 45401 | E19: 17 | F19: 0.49097222 | G19: 0.36597222 | H19: 0.01875 | I19: 0 | J19: 0.070833333 | K19: -10855 | L19: 0.038 | M19: 154042 | N19: 0.015972222 | O19: 79 | P19: 238857 | Q19: =YEAR(Table13[[#This Row],[release_date]]) -> 2024 | R19: =ROUND(Table13[[#This Row],[duration_ms]]/60000,2) -> 3.98 | S19: =IF(Table13[[#This Row],[valence]]>=0.6, "Happy", IF(Table13[[#This Row],[valence]]>=0.4, "Neutral", "Sad")) -> Sad | T19: =IF(Table13[[#This Row],[energy]]>=0.7, "High Energy", IF(Table13[[#This Row],[energy]]>=0.4, "Medium Energy", "Low Energy")) -> Low Energy | U19: =IF(Table13[[#This Row],[popularity]]>70, "Popular", IF(Table13[[#This Row],[popularity]]<40, "Less Popular", "Mid")) -> Popular
B20: imgonnagetyouback | C20: THE TORTURED POETS DEPARTMENT: THE ANTHOLOGY | D20: 45401 | E20: 18 | F20: 0.42222222 | G20: 0.54444444 | H20: 0.27152778 | I20: 0 | J20: 0.175 | K20: -9471 | L20: 0.43958333 | M20: 110007 | N20: 0.010416667 | O20: 81 | P20: 222072 | Q20: =YEAR(Table13[[#This Row],[release_date]]) -> 2024 | R20: =ROUND(Table13[[#This Row],[duration_ms]]/60000,2) -> 3.7 | S20: =IF(Table13[[#This Row],[valence]]>=0.6, "Happy", IF(Table13[[#This Row],[valence]]>=0.4, "Neutral", "Sad")) -> Sad | T20: =IF(Table13[[#This Row],[energy]]>=0.7, "High Energy", IF(Table13[[#This Row],[energy]]>=0.4, "Medium Energy", "Low Energy")) -> Low Energy | U20: =IF(Table13[[#This Row],[popularity]]>70, "Popular", IF(Table13[[#This Row],[popularity]]<40, "Less Popular", "Mid")) -> Popular
B21: The Albatross | C21: THE TORTURED POETS DEPARTMENT: THE ANTHOLOGY | D21: 45401 | E21: 19 | F21: 0.45486111 | G21: 0.24444444 | H21: 0.33263889 | I21: 0 | J21: 0.64930556 | K21: -8942 | L21: 0.40486111 | M21: 172013 | N21: 0.20277778 | O21: 77 | P21: 183878 | Q21: =YEAR(Table13[[#This Row],[release_date]]) -> 2024 | R21: =ROUND(Table13[[#This Row],[duration_ms]]/60000,2) -> 3.06 | S21: =IF(Table13[[#This Row],[valence]]>=0.6, "Happy", IF(Table13[[#This Row],[valence]]>=0.4, "Neutral", "Sad")) -> Sad | T21: =IF(Table13[[#This Row],[energy]]>=0.7, "High Energy", IF(Table13[[#This Row],[energy]]>=0.4, "Medium Energy", "Low Energy")) -> Low Energy | U21: =IF(Table13[[#This Row],[popularity]]>70, "Popular", IF(Table13[[#This Row],[popularity]]<40, "Less Popular", "Mid")) -> Popular
B22: Chloe or Sam or Sophia or Marcus | C22: THE TORTURED POETS DEPARTMENT: THE ANTHOLOGY | D22: 45401 | E22: 20 | F22: 0.054166667 | G22: 0.35833333 | H22: 0.31319444 | I22: 0 | J22: 0.072916667 | K22: -8552 | L22: 0.30972222 | M22: 70266 | N22: 0.15138889 | O22: 77 | P22: 213281 | Q22: =YEAR(Table13[[#This Row],[release_date]]) -> 2024 | R22: =ROUND(Table13[[#This Row],[duration_ms]]/60000,2) -> 3.55 | S22: =IF(Table13[[#This Row],[valence]]>=0.6, "Happy", IF(Table13[[#This Row],[valence]]>=0.4, "Neutral", "Sad")) -> Sad | T22: =IF(Table13[[#This Row],[energy]]>=0.7, "High Energy", IF(Table13[[#This Row],[energy]]>=0.4, "Medium Energy", "Low Energy")) -> Low Energy | U22: =IF(Table13[[#This Row],[popularity]]>70, "Popular", IF(Table13[[#This Row],[popularity]]<40, "Less Popular", "Mid")) -> Popular
B23: How Did It End? | C23: THE TORTURED POETS DEPARTMENT: THE ANTHOLOGY | D23: 45401 | E23: 21 | F23: 0.54513889 | G23: 0.34166667 | H23: 0.26319444 | I23: 0.00093 | J23: 0.075 | K23: -8859 | L23: 0.17847222 | M23: 83993 | N23: 0.18958333 | O23: 80 | P23: 238706 | Q23: =YEAR(Table13[[#This Row],[release_date]]) -> 2024 | R23: =ROUND(Table13[[#This Row],[duration_ms]]/60000,2) -> 3.98 | S23: =IF(Table13[[#This Row],[valence]]>=0.6, "Happy", IF(Table13[[#This Row],[valence]]>=0.4, "Neutral", "Sad")) -> Sad | T23: =IF(Table13[[#This Row],[energy]]>=0.7, "High Energy", IF(Table13[[#This Row],[energy]]>=0.4, "Medium Energy", "Low Energy")) -> Low Energy | U23: =IF(Table13[[#This Row],[popularity]]>70, "Popular", IF(Table13[[#This Row],[popularity]]<40, "Less Popular", "Mid")) -> Popular
B24: So High School | C24: THE TORTURED POETS DEPARTMENT: THE ANTHOLOGY | D24: 45401 | E24: 22 | F24: 0.19027778 | G24: 0.25416667 | H24: 0.60138889 | I24: 3.07e-06 | J24: 0.073611111 | K24: -4514 | L24: 0.32361111 | M24: 7.3381944 | N24: 0.20347222 | O24: 82 | P24: 228800 | Q24: =YEAR(Table13[[#This Row],[release_date]]) -> 2024 | R24: =ROUND(Table13[[#This Row],[duration_ms]]/60000,2) -> 3.81 | S24: =IF(Table13[[#This Row],[valence]]>=0.6, "Happy", IF(Table13[[#This Row],[valence]]>=0.4, "Neutral", "Sad")) -> Sad | T24: =IF(Table13[[#This Row],[energy]]>=0.7, "High Energy", IF(Table13[[#This Row],[energy]]>=0.4, "Medium Energy", "Low Energy")) -> Medium Energy | U24: =IF(Table13[[#This Row],[popularity]]>70, "Popular", IF(Table13[[#This Row],[popularity]]<40, "Less Popular", "Mid")) -> Popular
B25: I Hate It Here | C25: THE TORTURED POETS DEPARTMENT: THE ANTHOLOGY | D25: 45401 | E25: 23 | F25: 0.49791667 | G25: 0.33680556 | H25: 0.39027778 | I25: 0 | J25: 0.24791667 | K25: -7197 | L25: 0.24027778 | M25: 105953 | N25: 0.20625 | O25: 78 | P25: 243875 | Q25: =YEAR(Table13[[#This Row],[release_date]]) -> 2024 | R25: =ROUND(Table13[[#This Row],[duration_ms]]/60000,2) -> 4.06 | S25: =IF(Table13[[#This Row],[valence]]>=0.6, "Happy", IF(Table13[[#This Row],[valence]]>=0.4, "Neutral", "Sad")) -> Sad | T25: =IF(Table13[[#This Row],[energy]]>=0.7, "High Energy", IF(Table13[[#This Row],[energy]]>=0.4, "Medium Energy", "Low Energy")) -> Low Energy | U25: =IF(Table13[[#This Row],[popularity]]>70, "Popular", IF(Table13[[#This Row],[popularity]]<40, "Less Popular", "Mid")) -> Popular
B26: thanK you aIMee | C26: THE TORTURED POETS DEPARTMENT: THE ANTHOLOGY | D26: 45401 | E26: 24 | F26: 0.42291667 | G26: 0.42291667 | H26: 0.37569444 | I26: 0 | J26: 0.084722222 | K26: -8013 | L26: 0.24027778 | M26: 95997 | N26: 0.175 | O26: 76 | P26: 263817 | Q26: =YEAR(Table13[[#This Row],[release_date]]) -> 2024 | R26: =ROUND(Table13[[#This Row],[duration_ms]]/60000,2) -> 4.4 | S26: =IF(Table13[[#This Row],[valence]]>=0.6, "Happy", IF(Table13[[#This Row],[valence]]>=0.4, "Neutral", "Sad")) -> Sad | T26: =IF(Table13[[#This Row],[energy]]>=0.7, "High Energy", IF(Table13[[#This Row],[energy]]>=0.4, "Medium Energy", "Low Energy")) -> Low Energy | U26: =IF(Table13[[#This Row],[popularity]]>70, "Popular", IF(Table13[[#This Row],[popularity]]<40, "Less Popular", "Mid")) -> Popular
B27: I Look in People's Windows | C27: THE TORTURED POETS DEPARTMENT: THE ANTHOLOGY | D27: 45401 | E27: 25 | F27: 0.047916667 | G27: 0.52986111 | H27: 0.19027778 | I27: 0 | J27: 0.11388889 | K27: -11429 | L27: 0.5125 | M27: 90796 | N27: 0.26736111 | O27: 76 | P27: 131907 | Q27: =YEAR(Table13[[#This Row],[release_date]]) -> 2024 | R27: =ROUND(Table13[[#This Row],[duration_ms]]/60000,2) -> 2.2 | S27: =IF(Table13[[#This Row],[valence]]>=0.6, "Happy", IF(Table13[[#This Row],[valence]]>=0.4, "Neutral", "Sad")) -> Sad | T27: =IF(Table13[[#This Row],[energy]]>=0.7, "High Energy", IF(Table13[[#This Row],[energy]]>=0.4, "Medium Energy", "Low Energy")) -> Low Energy | U27: =IF(Table13[[#This Row],[popularity]]>70, "Popular", IF(Table13[[#This Row],[popularity]]<40, "Less Popular", "Mid")) -> Popular
B28: The Prophecy | C28: THE TORTURED POETS DEPARTMENT: THE ANTHOLOGY | D28: 45401 | E28: 26 | F28: 0.57291667 | G28: 0.29236111 | H28: 0.36458333 | I28: 2.67e-06 | J28: 0.21388889 | K28: -10359 | L28: 0.32777778 | M28: 167927 | N28: 0.37152778 | O28: 81 | P28: 249807 | Q28: =YEAR(Table13[[#This Row],[release_date]]) -> 2024 | R28: =ROUND(Table13[[#This Row],[duration_ms]]/60000,2) -> 4.16 | S28: =IF(Table13[[#This Row],[valence]]>=0.6, "Happy", IF(Table13[[#This Row],[valence]]>=0.4, "Neutral", "Sad")) -> Sad | T28: =IF(Table13[[#This Row],[energy]]>=0.7, "High Energy", IF(Table13[[#This Row],[energy]]>=0.4, "Medium Energy", "Low Energy")) -> Low Energy | U28: =IF(Table13[[#This Row],[popularity]]>70, "Popular", IF(Table13[[#This Row],[popularity]]<40, "Less Popular", "Mid")) -> Popular
B29: Cassandra | C29: THE TORTURED POETS DEPARTMENT: THE ANTHOLOGY | D29: 45401 | E29: 27 | F29: 0.55972222 | G29: 0.40763889 | H29: 0.40763889 | I29: 0 | J29: 0.095138889 | K29: -9879 | L29: 0.41319444 | M29: 139963 | N29: 0.35694444 | O29: 76 | P29: 240205 | Q29: =YEAR(Table13[[#This Row],[release_date]]) -> 2024 | R29: =ROUND(Table13[[#This Row],[duration_ms]]/60000,2) -> 4 | S29: =IF(Table13[[#This Row],[valence]]>=0.6, "Happy", IF(Table13[[#This Row],[valence]]>=0.4, "Neutral", "Sad")) -> Sad | T29: =IF(Table13[[#This Row],[energy]]>=0.7, "High Energy", IF(Table13[[#This Row],[energy]]>=0.4, "Medium Energy", "Low Energy")) -> Medium Energy | U29: =IF(Table13[[#This Row],[popularity]]>70, "Popular", IF(Table13[[#This Row],[popularity]]<40, "Less Popular", "Mid")) -> Popular
B30: Peter | C30: THE TORTURED POETS DEPARTMENT: THE ANTHOLOGY | D30: 45401 | E30: 28 | F30: 0.55902778 | G30: 0.2375 | H30: 0.26111111 | I30: 0 | J30: 0.41180556 | K30: -8212 | L30: 0.25833333 | M30: 176859 | N30: 0.020138889 | O30: 77 | P30: 283957 | Q30: =YEAR(Table13[[#This Row],[release_date]]) -> 2024 | R30: =ROUND(Table13[[#This Row],[duration_ms]]/60000,2) -> 4.73 | S30: =IF(Table13[[#This Row],[valence]]>=0.6, "Happy", IF(Table13[[#This Row],[valence]]>=0.4, "Neutral", "Sad")) -> Sad | T30: =IF(Table13[[#This Row],[energy]]>=0.7, "High Energy", IF(Table13[[#This Row],[energy]]>=0.4, "Medium Energy", "Low Energy")) -> Low Energy | U30: =IF(Table13[[#This Row],[popularity]]>70, "Popular", IF(Table13[[#This Row],[popularity]]<40, "Less Popular", "Mid")) -> Popular
B31: The Bolter | C31: THE TORTURED POETS DEPARTMENT: THE ANTHOLOGY | D31: 45401 | E31: 29 | F31: 0.44305556 | G31: 0.31597222 | H31: 0.40694444 | I31: 0 | J31: 0.090972222 | K31: -7978 | L31: 0.34166667 | M31: 183694 | N31: 0.33402778 | O31: 77 | P31: 238241 | Q31: =YEAR(Table13[[#This Row],[release_date]]) -> 2024 | R31: =ROUND(Table13[[#This Row],[duration_ms]]/60000,2) -> 3.97 | S31: =IF(Table13[[#This Row],[valence]]>=0.6, "Happy", IF(Table13[[#This Row],[valence]]>=0.4, "Neutral", "Sad")) -> Sad | T31: =IF(Table13[[#This Row],[energy]]>=0.7, "High Energy", IF(Table13[[#This Row],[energy]]>=0.4, "Medium Energy", "Low Energy")) -> Medium Energy | U31: =IF(Table13[[#This Row],[popularity]]>70, "Popular", IF(Table13[[#This Row],[popularity]]<40, "Less Popular", "Mid")) -> Popular
B32: Robin | C32: THE TORTURED POETS DEPARTMENT: THE ANTHOLOGY | D32: 45401 | E32: 30 | F32: 0.54930556 | G32: 0.33055556 | H32: 0.26805556 | I32: 0.000423 | J32: 0.00069444444 | K32: -10601 | L32: 0.0020833333 | M32: 138265 | N32: 0.10972222 | O32: 73 | P32: 240893 | Q32: =YEAR(Table13[[#This Row],[release_date]]) -> 2024 | R32: =ROUND(Table13[[#This Row],[duration_ms]]/60000,2) -> 4.01 | S32: =IF(Table13[[#This Row],[valence]]>=0.6, "Happy", IF(Table13[[#This Row],[valence]]>=0.4, "Neutral", "Sad")) -> Sad | T32: =IF(Table13[[#This Row],[energy]]>=0.7, "High Energy", IF(Table13[[#This Row],[energy]]>=0.4, "Medium Energy", "Low Energy")) -> Low Energy | U32: =IF(Table13[[#This Row],[popularity]]>70, "Popular", IF(Table13[[#This Row],[popularity]]<40, "Less Popular", "Mid")) -> Popular
B33: The Manuscript | C33: THE TORTURED POETS DEPARTMENT: THE ANTHOLOGY | D33: 45401 | E33: 31 | F33: 0.62569444 | G33: 0.35347222 | H33: 0.17777778 | I33: 2.43e-06 | J33: 0.071527778 | K33: -11665 | L33: 0.2125 | M33: 94184 | N33: 0.30277778 | O33: 74 | P33: 224743 | Q33: =YEAR(Table13[[#This Row],[release_date]]) -> 2024 | R33: =ROUND(Table13[[#This Row],[duration_ms]]/60000,2) -> 3.75 | S33: =IF(Table13[[#This Row],[valence]]>=0.6, "Happy", IF(Table13[[#This Row],[valence]]>=0.4, "Neutral", "Sad")) -> Sad | T33: =IF(Table13[[#This Row],[energy]]>=0.7, "High Energy", IF(Table13[[#This Row],[energy]]>=0.4, "Medium Energy", "Low Energy")) -> Low Energy | U33: =IF(Table13[[#This Row],[popularity]]>70, "Popular", IF(Table13[[#This Row],[popularity]]<40, "Less Popular", "Mid")) -> Popular
B34: Fortnight (feat. Post Malone) | C34: THE TORTURED POETS DEPARTMENT | D34: 45400 | E34: 1 | F34: 0.34861111 | G34: 0.35 | H34: 0.26805556 | I34: 1.53e-05 | J34: 0.66736111 | K34: -10976 | L34: 0.21388889 | M34: 192004 | N34: 0.19513889 | O34: 91 | P34: 228965 | Q34: =YEAR(Table13[[#This Row],[release_date]]) -> 2024 | R34: =ROUND(Table13[[#This Row],[duration_ms]]/60000,2) -> 3.82 | S34: =IF(Table13[[#This Row],[valence]]>=0.6, "Happy", IF(Table13[[#This Row],[valence]]>=0.4, "Neutral", "Sad")) -> Sad | T34: =IF(Table13[[#This Row],[energy]]>=0.7, "High Energy", IF(Table13[[#This Row],[energy]]>=0.4, "Medium Energy", "Low Energy")) -> Low Energy | U34: =IF(Table13[[#This Row],[popularity]]>70, "Popular", IF(Table13[[#This Row],[popularity]]<40, "Less Popular", "Mid")) -> Popular
B35: The Tortured Poets Department | C35: THE TORTURED POETS DEPARTMENT | D35: 45400 | E35: 2 | F35: 0.33541667 | G35: 0.41944444 | H35: 0.29722222 | I35: 0 | J35: 0.0875 | K35: -8441 | L35: 0.17708333 | M35: 110259 | N35: 0.20277778 | O35: 75 | P35: 293048 | Q35: =YEAR(Table13[[#This Row],[release_date]]) -> 2024 | R35: =ROUND(Table13[[#This Row],[duration_ms]]/60000,2) -> 4.88 | S35: =IF(Table13[[#This Row],[valence]]>=0.6, "Happy", IF(Table13[[#This Row],[valence]]>=0.4, "Neutral", "Sad")) -> Sad | T35: =IF(Table13[[#This Row],[energy]]>=0.7, "High Energy", IF(Table13[[#This Row],[energy]]>=0.4, "Medium Energy", "Low Energy")) -> Low Energy | U35: =IF(Table13[[#This Row],[popularity]]>70, "Popular", IF(Table13[[#This Row],[popularity]]<40, "Less Popular", "Mid")) -> Popular
B36: My Boy Only Breaks His Favorite Toys | C36: THE TORTURED POETS DEPARTMENT | D36: 45400 | E36: 3 | F36: 0.095138889 | G36: 0.41388889 | H36: 0.39097222 | I36: 0 | J36: 0.20972222 | K36: -7362 | L36: 0.18680556 | M36: 97073 | N36: 0.33402778 | O36: 77 | P36: 203801 | Q36: =YEAR(Table13[[#This Row],[release_date]]) -> 2024 | R36: =ROUND(Table13[[#This Row],[duration_ms]]/60000,2) -> 3.4 | S36: =IF(Table13[[#This Row],[valence]]>=0.6, "Happy", IF(Table13[[#This Row],[valence]]>=0.4, "Neutral", "Sad")) -> Sad | T36: =IF(Table13[[#This Row],[energy]]>=0.7, "High Energy", IF(Table13[[#This Row],[energy]]>=0.4, "Medium Energy", "Low Energy")) -> Low Energy | U36: =IF(Table13[[#This Row],[popularity]]>70, "Popular", IF(Table13[[#This Row],[popularity]]<40, "Less Popular", "Mid")) -> Popular
B37: Down Bad | C37: THE TORTURED POETS DEPARTMENT | D37: 45400 | E37: 4 | F37: 0.038888889 | G37: 0.37569444 | H37: 0.25416667 | I37: 1e-06 | J37: 0.65694444 | K37: -10412 | L37: 0.51944444 | M37: 159707 | N37: 0.11666667 | O37: 82 | P37: 261228 | Q37: =YEAR(Table13[[#This Row],[release_date]]) -> 2024 | R37: =ROUND(Table13[[#This Row],[duration_ms]]/60000,2) -> 4.35 | S37: =IF(Table13[[#This Row],[valence]]>=0.6, "Happy", IF(Table13[[#This Row],[valence]]>=0.4, "Neutral", "Sad")) -> Sad | T37: =IF(Table13[[#This Row],[energy]]>=0.7, "High Energy", IF(Table13[[#This Row],[energy]]>=0.4, "Medium Energy", "Low Energy")) -> Low Energy | U37: =IF(Table13[[#This Row],[popularity]]>70, "Popular", IF(Table13[[#This Row],[popularity]]<40, "Less Popular", "Mid")) -> Popular
B38: So Long, London | C38: THE TORTURED POETS DEPARTMENT | D38: 45400 | E38: 5 | F38: 0.050694444 | G38: 0.29375 | H38: 0.37013889 | I38: 0.00264 | J38: 0.56666667 | K38: -11388 | L38: 0.22361111 | M38: 160218 | N38: 0.17222222 | O38: 78 | P38: 262974 | Q38: =YEAR(Table13[[#This Row],[release_date]]) -> 2024 | R38: =ROUND(Table13[[#This Row],[duration_ms]]/60000,2) -> 4.38 | S38: =IF(Table13[[#This Row],[valence]]>=0.6, "Happy", IF(Table13[[#This Row],[valence]]>=0.4, "Neutral", "Sad")) -> Sad | T38: =IF(Table13[[#This Row],[energy]]>=0.7, "High Energy", IF(Table13[[#This Row],[energy]]>=0.4, "Medium Energy", "Low Energy")) -> Low Energy | U38: =IF(Table13[[#This Row],[popularity]]>70, "Popular", IF(Table13[[#This Row],[popularity]]<40, "Less Popular", "Mid")) -> Popular
B39: But Daddy I Love Him | C39: THE TORTURED POETS DEPARTMENT | D39: 45400 | E39: 6 | F39: 0.26666667 | G39: 0.36180556 | H39: 0.05 | I39: 0 | J39: 0.09375 | K39: -7684 | L39: 0.072222222 | M39: 79943 | N39: 0.30416667 | O39: 78 | P39: 340428 | Q39: =YEAR(Table13[[#This Row],[release_date]]) -> 2024 | R39: =ROUND(Table13[[#This Row],[duration_ms]]/60000,2) -> 5.67 | S39: =IF(Table13[[#This Row],[valence]]>=0.6, "Happy", IF(Table13[[#This Row],[valence]]>=0.4, "Neutral", "Sad")) -> Sad | T39: =IF(Table13[[#This Row],[energy]]>=0.7, "High Energy", IF(Table13[[#This Row],[energy]]>=0.4, "Medium Energy", "Low Energy")) -> Low Energy | U39: =IF(Table13[[#This Row],[popularity]]>70, "Popular", IF(Table13[[#This Row],[popularity]]<40, "Less Popular", "Mid")) -> Popular
B40: Fresh Out The Slammer | C40: THE TORTURED POETS DEPARTMENT | D40: 45400 | E40: 7 | F40: 0.43333333 | G40: 0.022916667 | H40: 0.33541667 | I40: 0 | J40: 0.077083333 | K40: -9394 | L40: 0.27708333 | M40: 87115 | N40: 0.023611111 | O40: 69 | P40: 210789 | Q40: =YEAR(Table13[[#This Row],[release_date]]) -> 2024 | R40: =ROUND(Table13[[#This Row],[duration_ms]]/60000,2) -> 3.51 | S40: =IF(Table13[[#This Row],[valence]]>=0.6, "Happy", IF(Table13[[#This Row],[valence]]>=0.4, "Neutral", "Sad")) -> Sad | T40: =IF(Table13[[#This Row],[energy]]>=0.7, "High Energy", IF(Table13[[#This Row],[energy]]>=0.4, "Medium Energy", "Low Energy")) -> Low Energy | U40: =IF(Table13[[#This Row],[popularity]]>70, "Popular", IF(Table13[[#This Row],[popularity]]<40, "Less Popular", "Mid")) -> Mid
B41: Florida!!! (feat. Florence + The Machine) | C41: THE TORTURED POETS DEPARTMENT | D41: 45400 | E41: 8 | F41: 0.12361111 | G41: 0.37013889 | H41: 0.39791667 | I41: 0 | J41: 0.21458333 | K41: -7123 | L41: 0.095833333 | M41: 150088 | N41: 0.27638889 | O41: 76 | P41: 215463 | Q41: =YEAR(Table13[[#This Row],[release_date]]) -> 2024 | R41: =ROUND(Table13[[#This Row],[duration_ms]]/60000,2) -> 3.59 | S41: =IF(Table13[[#This Row],[valence]]>=0.6, "Happy", IF(Table13[[#This Row],[valence]]>=0.4, "Neutral", "Sad")) -> Sad | T41: =IF(Table13[[#This Row],[energy]]>=0.7, "High Energy", IF(Table13[[#This Row],[energy]]>=0.4, "Medium Energy", "Low Energy")) -> Low Energy | U41: =IF(Table13[[#This Row],[popularity]]>70, "Popular", IF(Table13[[#This Row],[popularity]]<40, "Less Popular", "Mid")) -> Popular
B42: Guilty as Sin? | C42: THE TORTURED POETS DEPARTMENT | D42: 45400 | E42: 9 | F42: 0.42152778 | G42: 0.43472222 | H42: 0.29722222 | I42: 0 | J42: 0.63958333 | K42: -8374 | L42: 0.18125 | M42: 94.95 | N42: 0.33819444 | O42: 82 | P42: 254365 | Q42: =YEAR(Table13[[#This Row],[release_date]]) -> 2024 | R42: =ROUND(Table13[[#This Row],[duration_ms]]/60000,2) -> 4.24 | S42: =IF(Table13[[#This Row],[valence]]>=0.6, "Happy", IF(Table13[[#This Row],[valence]]>=0.4, "Neutral", "Sad")) -> Sad | T42: =IF(Table13[[#This Row],[energy]]>=0.7, "High Energy", IF(Table13[[#This Row],[energy]]>=0.4, "Medium Energy", "Low Energy")) -> Low Energy | U42: =IF(Table13[[#This Row],[popularity]]>70, "Popular", IF(Table13[[#This Row],[popularity]]<40, "Less Popular", "Mid")) -> Popular
B43: Who’s Afraid of Little Old Me? | C43: THE TORTURED POETS DEPARTMENT | D43: 45400 | E43: 10 | F43: 0.21875 | G43: 0.42083333 | H43: 0.23472222 | I43: 0 | J43: 0.073611111 | K43: -10555 | L43: 0.048 | M43: 119.88 | N43: 0.16527778 | O43: 80 | P43: 334084 | Q43: =YEAR(Table13[[#This Row],[release_date]]) -> 2024 | R43: =ROUND(Table13[[#This Row],[duration_ms]]/60000,2) -> 5.57 | S43: =IF(Table13[[#This Row],[valence]]>=0.6, "Happy", IF(Table13[[#This Row],[valence]]>=0.4, "Neutral", "Sad")) -> Sad | T43: =IF(Table13[[#This Row],[energy]]>=0.7, "High Energy", IF(Table13[[#This Row],[energy]]>=0.4, "Medium Energy", "Low Energy")) -> Low Energy | U43: =IF(Table13[[#This Row],[popularity]]>70, "Popular", IF(Table13[[#This Row],[popularity]]<40, "Less Popular", "Mid")) -> Popular
B44: I Can Fix Him (No Really I Can) | C44: THE TORTURED POETS DEPARTMENT | D44: 45400 | E44: 11 | F44: 0.53333333 | G44: 0.45902778 | H44: 0.17847222 | I44: 1.72e-06 | J44: 0.12222222 | K44: -13961 | L44: 0.045 | M44: 106896 | N44: 0.22083333 | O44: 67 | P44: 156297 | Q44: =YEAR(Table13[[#This Row],[release_date]]) -> 2024 | R44: =ROUND(Table13[[#This Row],[duration_ms]]/60000,2) -> 2.6 | S44: =IF(Table13[[#This Row],[valence]]>=0.6, "Happy", IF(Table13[[#This Row],[valence]]>=0.4, "Neutral", "Sad")) -> Sad | T44: =IF(Table13[[#This Row],[energy]]>=0.7, "High Energy", IF(Table13[[#This Row],[energy]]>=0.4, "Medium Energy", "Low Energy")) -> Low Energy | U44: =IF(Table13[[#This Row],[popularity]]>70, "Popular", IF(Table13[[#This Row],[popularity]]<40, "Less Popular", "Mid")) -> Mid
B45: loml | C45: THE TORTURED POETS DEPARTMENT | D45: 45400 | E45: 12 | F45: 0.59583333 | G45: 0.29375 | H45: 0.18888889 | I45: 0 | J45: 0.075 | K45: -12.56 | L45: 0.33958333 | M45: 78539 | N45: 0.13541667 | O45: 75 | P45: 277156 | Q45: =YEAR(Table13[[#This Row],[release_date]]) -> 2024 | R45: =ROUND(Table13[[#This Row],[duration_ms]]/60000,2) -> 4.62 | S45: =IF(Table13[[#This Row],[valence]]>=0.6, "Happy", IF(Table13[[#This Row],[valence]]>=0.4, "Neutral", "Sad")) -> Sad | T45: =IF(Table13[[#This Row],[energy]]>=0.7, "High Energy", IF(Table13[[#This Row],[energy]]>=0.4, "Medium Energy", "Low Energy")) -> Low Energy | U45: =IF(Table13[[#This Row],[popularity]]>70, "Popular", IF(Table13[[#This Row],[popularity]]<40, "Less Popular", "Mid")) -> Popular
B46: I Can Do It With a Broken Heart | C46: THE TORTURED POETS DEPARTMENT | D46: 45400 | E46: 13 | F46: 0.085416667 | G46: 0.48680556 | H46: 0.52152778 | I46: 0 | J46: 0.010416667 | K46: -8.39 | L46: 0.34861111 | M46: 129994 | N46: 0.015277778 | O46: 88 | P46: 218004 | Q46: =YEAR(Table13[[#This Row],[release_date]]) -> 2024 | R46: =ROUND(Table13[[#This Row],[duration_ms]]/60000,2) -> 3.63 | S46: =IF(Table13[[#This Row],[valence]]>=0.6, "Happy", IF(Table13[[#This Row],[valence]]>=0.4, "Neutral", "Sad")) -> Sad | T46: =IF(Table13[[#This Row],[energy]]>=0.7, "High Energy", IF(Table13[[#This Row],[energy]]>=0.4, "Medium Energy", "Low Energy")) -> Medium Energy | U46: =IF(Table13[[#This Row],[popularity]]>70, "Popular", IF(Table13[[#This Row],[popularity]]<40, "Less Popular", "Mid")) -> Popular
B47: The Smallest Man Who Ever Lived | C47: THE TORTURED POETS DEPARTMENT | D47: 45400 | E47: 14 | F47: 0.036111111 | G47: 0.29583333 | H47: 0.028472222 | I47: 0 | J47: 0.23472222 | K47: -9083 | L47: 0.40347222 | M47: 142377 | N47: 0.18263889 | O47: 74 | P47: 245541 | Q47: =YEAR(Table13[[#This Row],[release_date]]) -> 2024 | R47: =ROUND(Table13[[#This Row],[duration_ms]]/60000,2) -> 4.09 | S47: =IF(Table13[[#This Row],[valence]]>=0.6, "Happy", IF(Table13[[#This Row],[valence]]>=0.4, "Neutral", "Sad")) -> Sad | T47: =IF(Table13[[#This Row],[energy]]>=0.7, "High Energy", IF(Table13[[#This Row],[energy]]>=0.4, "Medium Energy", "Low Energy")) -> Low Energy | U47: =IF(Table13[[#This Row],[popularity]]>70, "Popular", IF(Table13[[#This Row],[popularity]]<40, "Less Popular", "Mid")) -> Popular
B48: The Alchemy | C48: THE TORTURED POETS DEPARTMENT | D48: 45400 | E48: 15 | F48: 0.29305556 | G48: 0.044444444 | H48: 0.29236111 | I48: 0 | J48: 0.071527778 | K48: -8802 | L48: 0.18958333 | M48: 100056 | N48: 0.24513889 | O48: 73 | P48: 196900 | Q48: =YEAR(Table13[[#This Row],[release_date]]) -> 2024 | R48: =ROUND(Table13[[#This Row],[duration_ms]]/60000,2) -> 3.28 | S48: =IF(Table13[[#This Row],[valence]]>=0.6, "Happy", IF(Table13[[#This Row],[valence]]>=0.4, "Neutral", "Sad")) -> Sad | T48: =IF(Table13[[#This Row],[energy]]>=0.7, "High Energy", IF(Table13[[#This Row],[energy]]>=0.4, "Medium Energy", "Low Energy")) -> Low Energy | U48: =IF(Table13[[#This Row],[popularity]]>70, "Popular", IF(Table13[[#This Row],[popularity]]<40, "Less Popular", "Mid")) -> Popular
B49: Clara Bow | C49: THE TORTURED POETS DEPARTMENT | D49: 45400 | E49: 16 | F49: 0.44166667 | G49: 0.47638889 | H49: 0.22083333 | I49: 0.00144 | J49: 0.073611111 | K49: -11046 | L49: 0.18263889 | M49: 104088 | N49: 0.14861111 | O49: 67 | P49: 216662 | Q49: =YEAR(Table13[[#This Row],[release_date]]) -> 2024 | R49: =ROUND(Table13[[#This Row],[duration_ms]]/60000,2) -> 3.61 | S49: =IF(Table13[[#This Row],[valence]]>=0.6, "Happy", IF(Table13[[#This Row],[valence]]>=0.4, "Neutral", "Sad")) -> Sad | T49: =IF(Table13[[#This Row],[energy]]>=0.7, "High Energy", IF(Table13[[#This Row],[energy]]>=0.4, "Medium Energy", "Low Energy")) -> Low Energy | U49: =IF(Table13[[#This Row],[popularity]]>70, "Popular", IF(Table13[[#This Row],[popularity]]<40, "Less Popular", "Mid")) -> Mid
B50: Welcome To New York (Taylor's Version) | C50: 1989 (Taylor's Version) [Deluxe] | D50: 45226 | E50: 1 | F50: 0.00661 | G50: 0.052777778 | H50: 0.41805556 | I50: 0.000133 | J50: 0.22569444 | K50: -4871 | L50: 0.21944444 | M50: 116989 | N50: 0.47569444 | O50: 62 | P50: 212600 | Q50: =YEAR(Table13[[#This Row],[release_date]]) -> 2023 | R50: =ROUND(Table13[[#This Row],[duration_ms]]/60000,2) -> 3.54 | S50: =IF(Table13[[#This Row],[valence]]>=0.6, "Happy", IF(Table13[[#This Row],[valence]]>=0.4, "Neutral", "Sad")) -> Neutral | T50: =IF(Table13[[#This Row],[energy]]>=0.7, "High Energy", IF(Table13[[#This Row],[energy]]>=0.4, "Medium Energy", "Low Energy")) -> Medium Energy | U50: =IF(Table13[[#This Row],[popularity]]>70, "Popular", IF(Table13[[#This Row],[popularity]]<40, "Less Popular", "Mid")) -> Mid
B51: Blank Space (Taylor's Version) | C51: 1989 (Taylor's Version) [Deluxe] | D51: 45226 | E51: 2 | F51: 0.62569444 | G51: 0.50833333 | H51: 0.49930556 | I51: 0 | J51: 0.22986111 | K51: -5469 | L51: 0.44791667 | M51: 96035 | N51: 0.049305556 | O51: 64 | P51: 231833 | Q51: =YEAR(Table13[[#This Row],[release_date]]) -> 2023 | R51: =ROUND(Table13[[#This Row],[duration_ms]]/60000,2) -> 3.86 | S51: =IF(Table13[[#This Row],[valence]]>=0.6, "Happy", IF(Table13[[#This Row],[valence]]>=0.4, "Neutral", "Sad")) -> Sad | T51: =IF(Table13[[#This Row],[energy]]>=0.7, "High Energy", IF(Table13[[#This Row],[energy]]>=0.4, "Medium Energy", "Low Energy")) -> Medium Energy | U51: =IF(Table13[[#This Row],[popularity]]>70, "Popular", IF(Table13[[#This Row],[popularity]]<40, "Less Popular", "Mid")) -> Mid
B52: Style (Taylor's Version) | C52: 1989 (Taylor's Version) [Deluxe] | D52: 45226 | E52: 3 | F52: 0.000456 | G52: 0.35694444 | H52: 0.57013889 | I52: 0.16111111 | J52: 0.65694444 | K52: -4803 | L52: 0.30833333 | M52: 94884 | N52: 0.20694444 | O52: 65 | P52: 231000 | Q52: =YEAR(Table13[[#This Row],[release_date]]) -> 2023 | R52: =ROUND(Table13[[#This Row],[duration_ms]]/60000,2) -> 3.85 | S52: =IF(Table13[[#This Row],[valence]]>=0.6, "Happy", IF(Table13[[#This Row],[valence]]>=0.4, "Neutral", "Sad")) -> Sad | T52: =IF(Table13[[#This Row],[energy]]>=0.7, "High Energy", IF(Table13[[#This Row],[energy]]>=0.4, "Medium Energy", "Low Energy")) -> Medium Energy | U52: =IF(Table13[[#This Row],[popularity]]>70, "Popular", IF(Table13[[#This Row],[popularity]]<40, "Less Popular", "Mid")) -> Mid
B53: Out Of The Woods (Taylor's Version) | C53: 1989 (Taylor's Version) [Deluxe] | D53: 45226 | E53: 4 | F53: 0.000466 | G53: 0.37777778 | H53: 0.61388889 | I53: 0.000134 | J53: 0.26458333 | K53: -5973 | L53: 0.26597222 | M53: 91981 | N53: 0.12777778 | O53: 63 | P53: 235800 | Q53: =YEAR(Table13[[#This Row],[release_date]]) -> 2023 | R53: =ROUND(Table13[[#This Row],[duration_ms]]/60000,2) -> 3.93 | S53: =IF(Table13[[#This Row],[valence]]>=0.6, "Happy", IF(Table13[[#This Row],[valence]]>=0.4, "Neutral", "Sad")) -> Sad | T53: =IF(Table13[[#This Row],[energy]]>=0.7, "High Energy", IF(Table13[[#This Row],[energy]]>=0.4, "Medium Energy", "Low Energy")) -> Medium Energy | U53: =IF(Table13[[#This Row],[popularity]]>70, "Popular", IF(Table13[[#This Row],[popularity]]<40, "Less Popular", "Mid")) -> Mid
B54: All You Had To Do Was Stay (Taylor's Version) | C54: 1989 (Taylor's Version) [Deluxe] | D54: 45226 | E54: 5 | F54: 0.000778 | G54: 0.40902778 | H54: 0.49513889 | I54: 0 | J54: 0.13055556 | K54: -5614 | L54: 0.21388889 | M54: 97069 | N54: 0.0375 | O54: 62 | P54: 193289 | Q54: =YEAR(Table13[[#This Row],[release_date]]) -> 2023 | R54: =ROUND(Table13[[#This Row],[duration_ms]]/60000,2) -> 3.22 | S54: =IF(Table13[[#This Row],[valence]]>=0.6, "Happy", IF(Table13[[#This Row],[valence]]>=0.4, "Neutral", "Sad")) -> Sad | T54: =IF(Table13[[#This Row],[energy]]>=0.7, "High Energy", IF(Table13[[#This Row],[energy]]>=0.4, "Medium Energy", "Low Energy")) -> Medium Energy | U54: =IF(Table13[[#This Row],[popularity]]>70, "Popular", IF(Table13[[#This Row],[popularity]]<40, "Less Popular", "Mid")) -> Mid
B55: Shake It Off (Taylor's Version) | C55: 1989 (Taylor's Version) [Deluxe] | D55: 45226 | E55: 6 | F55: 0.077777778 | G55: 0.43888889 | H55: 0.55902778 | I55: 2.51e-05 | J55: 0.10833333 | K55: -5707 | L55: 0.069 | M55: 160052 | N55: 0.62708333 | O55: 62 | P55: 219209 | Q55: =YEAR(Table13[[#This Row],[release_date]]) -> 2023 | R55: =ROUND(Table13[[#This Row],[duration_ms]]/60000,2) -> 3.65 | S55: =IF(Table13[[#This Row],[valence]]>=0.6, "Happy", IF(Table13[[#This Row],[valence]]>=0.4, "Neutral", "Sad")) -> Happy | T55: =IF(Table13[[#This Row],[energy]]>=0.7, "High Energy", IF(Table13[[#This Row],[energy]]>=0.4, "Medium Energy", "Low Energy")) -> Medium Energy | U55: =IF(Table13[[#This Row],[popularity]]>70, "Popular", IF(Table13[[#This Row],[popularity]]<40, "Less Popular", "Mid")) -> Mid
B56: I Wish You Would (Taylor's Version) | C56: 1989 (Taylor's Version) [Deluxe] | D56: 45226 | E56: 7 | F56: 0.00388 | G56: 0.46597222 | H56: 0.59236111 | I56: 9.48e-06 | J56: 0.56388889 | K56: -6568 | L56: 0.28958333 | M56: 118032 | N56: 0.36319444 | O56: 61 | P56: 207650 | Q56: =YEAR(Table13[[#This Row],[release_date]]) -> 2023 | R56: =ROUND(Table13[[#This Row],[duration_ms]]/60000,2) -> 3.46 | S56: =IF(Table13[[#This Row],[valence]]>=0.6, "Happy", IF(Table13[[#This Row],[valence]]>=0.4, "Neutral", "Sad")) -> Sad | T56: =IF(Table13[[#This Row],[energy]]>=0.7, "High Energy", IF(Table13[[#This Row],[energy]]>=0.4, "Medium Energy", "Low Energy")) -> Medium Energy | U56: =IF(Table13[[#This Row],[popularity]]>70, "Popular", IF(Table13[[#This Row],[popularity]]<40, "Less Popular", "Mid")) -> Mid
B57: Bad Blood (Taylor's Version) | C57: 1989 (Taylor's Version) [Deluxe] | D57: 45226 | E57: 8 | F57: 0.25625 | G57: 0.43333333 | H57: 0.49375 | I57: 3.13e-06 | J57: 0.013194444 | K57: -6347 | L57: 0.11041667 | M57: 169999 | N57: 0.24097222 | O57: 61 | P57: 211103 | Q57: =YEAR(Table13[[#This Row],[release_date]]) -> 2023 | R57: =ROUND(Table13[[#This Row],[duration_ms]]/60000,2) -> 3.52 | S57: =IF(Table13[[#This Row],[valence]]>=0.6, "Happy", IF(Table13[[#This Row],[valence]]>=0.4, "Neutral", "Sad")) -> Sad | T57: =IF(Table13[[#This Row],[energy]]>=0.7, "High Energy", IF(Table13[[#This Row],[energy]]>=0.4, "Medium Energy", "Low Energy")) -> Medium Energy | U57: =IF(Table13[[#This Row],[popularity]]>70, "Popular", IF(Table13[[#This Row],[popularity]]<40, "Less Popular", "Mid")) -> Mid
B58: Wildest Dreams (Taylor's Version) | C58: 1989 (Taylor's Version) [Deluxe] | D58: 45226 | E58: 9 | F58: 0.24166667 | G58: 0.40763889 | H58: 0.46041667 | I58: 9.95e-05 | J58: 0.67430556 | K58: -7439 | L58: 0.41527778 | M58: 139993 | N58: 0.37430556 | O58: 63 | P58: 220433 | Q58: =YEAR(Table13[[#This Row],[release_date]]) -> 2023 | R58: =ROUND(Table13[[#This Row],[duration_ms]]/60000,2) -> 3.67 | S58: =IF(Table13[[#This Row],[valence]]>=0.6, "Happy", IF(Table13[[#This Row],[valence]]>=0.4, "Neutral", "Sad")) -> Sad | T58: =IF(Table13[[#This Row],[energy]]>=0.7, "High Energy", IF(Table13[[#This Row],[energy]]>=0.4, "Medium Energy", "Low Energy")) -> Medium Energy | U58: =IF(Table13[[#This Row],[popularity]]>70, "Popular", IF(Table13[[#This Row],[popularity]]<40, "Less Popular", "Mid")) -> Mid
B59: How You Get The Girl (Taylor's Version) | C59: 1989 (Taylor's Version) [Deluxe] | D59: 45226 | E59: 10 | F59: 0.00198 | G59: 0.52847222 | H59: 0.046527778 | I59: 1.08e-05 | J59: 0.60625 | K59: -5956 | L59: 0.37291667 | M59: 120014 | N59: 0.36041667 | O59: 61 | P59: 247533 | Q59: =YEAR(Table13[[#This Row],[release_date]]) -> 2023 | R59: =ROUND(Table13[[#This Row],[duration_ms]]/60000,2) -> 4.13 | S59: =IF(Table13[[#This Row],[valence]]>=0.6, "Happy", IF(Table13[[#This Row],[valence]]>=0.4, "Neutral", "Sad")) -> Sad | T59: =IF(Table13[[#This Row],[energy]]>=0.7, "High Energy", IF(Table13[[#This Row],[energy]]>=0.4, "Medium Energy", "Low Energy")) -> Low Energy | U59: =IF(Table13[[#This Row],[popularity]]>70, "Popular", IF(Table13[[#This Row],[popularity]]<40, "Less Popular", "Mid")) -> Mid
B60: This Love (Taylor’s Version) | C60: 1989 (Taylor's Version) [Deluxe] | D60: 45226 | E60: 11 | F60: 0.20972222 | G60: 0.032638889 | H60: 0.34305556 | I60: 0 | J60: 0.46666667 | K60: -8672 | L60: 0.24236111 | M60: 144039 | N60: 0.36388889 | O60: 60 | P60: 250100 | Q60: =YEAR(Table13[[#This Row],[release_date]]) -> 2023 | R60: =ROUND(Table13[[#This Row],[duration_ms]]/60000,2) -> 4.17 | S60: =IF(Table13[[#This Row],[valence]]>=0.6, "Happy", IF(Table13[[#This Row],[valence]]>=0.4, "Neutral", "Sad")) -> Sad | T60: =IF(Table13[[#This Row],[energy]]>=0.7, "High Energy", IF(Table13[[#This Row],[energy]]>=0.4, "Medium Energy", "Low Energy")) -> Low Energy | U60: =IF(Table13[[#This Row],[popularity]]>70, "Popular", IF(Table13[[#This Row],[popularity]]<40, "Less Popular", "Mid")) -> Mid
B61: I Know Places (Taylor's Version) | C61: 1989 (Taylor's Version) [Deluxe] | D61: 45226 | E61: 12 | F61: 0.5875 | G61: 0.39722222 | H61: 0.56041667 | I61: 0 | J61: 0.071 | K61: -5348 | L61: 0.39861111 | M61: 160015 | N61: 0.43472222 | O61: 61 | P61: 195700 | Q61: =YEAR(Table13[[#This Row],[release_date]]) -> 2023 | R61: =ROUND(Table13[[#This Row],[duration_ms]]/60000,2) -> 3.26 | S61: =IF(Table13[[#This Row],[valence]]>=0.6, "Happy", IF(Table13[[#This Row],[valence]]>=0.4, "Neutral", "Sad")) -> Neutral | T61: =IF(Table13[[#This Row],[energy]]>=0.7, "High Energy", IF(Table13[[#This Row],[energy]]>=0.4, "Medium Energy", "Low Energy")) -> Medium Energy | U61: =IF(Table13[[#This Row],[popularity]]>70, "Popular", IF(Table13[[#This Row],[popularity]]<40, "Less Popular", "Mid")) -> Mid
B62: Clean (Taylor's Version) | C62: 1989 (Taylor's Version) [Deluxe] | D62: 45226 | E62: 13 | F62: 0.20625 | G62: 0.54305556 | H62: 0.26319444 | I62: 2.98e-05 | J62: 0.071527778 | K62: -8964 | L62: 0.21041667 | M62: 103.99 | N62: 0.18541667 | O62: 62 | P62: 271000 | Q62: =YEAR(Table13[[#This Row],[release_date]]) -> 2023 | R62: =ROUND(Table13[[#This Row],[duration_ms]]/60000,2) -> 4.52 | S62: =IF(Table13[[#This Row],[valence]]>=0.6, "Happy", IF(Table13[[#This Row],[valence]]>=0.4, "Neutral", "Sad")) -> Sad | T62: =IF(Table13[[#This Row],[energy]]>=0.7, "High Energy", IF(Table13[[#This Row],[energy]]>=0.4, "Medium Energy", "Low Energy")) -> Low Energy | U62: =IF(Table13[[#This Row],[popularity]]>70, "Popular", IF(Table13[[#This Row],[popularity]]<40, "Less Popular", "Mid")) -> Mid
B63: Wonderland (Taylor's Version) | C63: 1989 (Taylor's Version) [Deluxe] | D63: 45226 | E63: 14 | F63: 0.072916667 | G63: 0.26875 | H63: 0.48819444 | I63: 1.1e-05 | J63: 0.088888889 | K63: -5956 | L63: 0.37847222 | M63: 5.1375 | N63: 0.022222222 | O63: 61 | P63: 245566 | Q63: =YEAR(Table13[[#This Row],[release_date]]) -> 2023 | R63: =ROUND(Table13[[#This Row],[duration_ms]]/60000,2) -> 4.09 | S63: =IF(Table13[[#This Row],[valence]]>=0.6, "Happy", IF(Table13[[#This Row],[valence]]>=0.4, "Neutral", "Sad")) -> Sad | T63: =IF(Table13[[#This Row],[energy]]>=0.7, "High Energy", IF(Table13[[#This Row],[energy]]>=0.4, "Medium Energy", "Low Energy")) -> Medium Energy | U63: =IF(Table13[[#This Row],[popularity]]>70, "Popular", IF(Table13[[#This Row],[popularity]]<40, "Less Popular", "Mid")) -> Mid
B64: You Are In Love (Taylor's Version) | C64: 1989 (Taylor's Version) [Deluxe] | D64: 45226 | E64: 15 | F64: 0.39722222 | G64: 0.38472222 | H64: 0.35347222 | I64: 2.08e-06 | J64: 0.078472222 | K64: -9403 | L64: 0.31597222 | M64: 85079 | N64: 0.27847222 | O64: 62 | P64: 267389 | Q64: =YEAR(Table13[[#This Row],[release_date]]) -> 2023 | R64: =ROUND(Table13[[#This Row],[duration_ms]]/60000,2) -> 4.46 | S64: =IF(Table13[[#This Row],[valence]]>=0.6, "Happy", IF(Table13[[#This Row],[valence]]>=0.4, "Neutral", "Sad")) -> Sad | T64: =IF(Table13[[#This Row],[energy]]>=0.7, "High Energy", IF(Table13[[#This Row],[energy]]>=0.4, "Medium Energy", "Low Energy")) -> Low Energy | U64: =IF(Table13[[#This Row],[popularity]]>70, "Popular", IF(Table13[[#This Row],[popularity]]<40, "Less Popular", "Mid")) -> Mid
B65: New Romantics (Taylor's Version) | C65: 1989 (Taylor's Version) [Deluxe] | D65: 45226 | E65: 16 | F65: 0.00516 | G65: 0.45347222 | H65: 0.58888889 | I65: 4.24e-06 | J65: 0.55416667 | K65: -5936 | L65: 0.40486111 | M65: 122017 | N65: 0.50277778 | O65: 63 | P65: 230177 | Q65: =YEAR(Table13[[#This Row],[release_date]]) -> 2023 | R65: =ROUND(Table13[[#This Row],[duration_ms]]/60000,2) -> 3.84 | S65: =IF(Table13[[#This Row],[valence]]>=0.6, "Happy", IF(Table13[[#This Row],[valence]]>=0.4, "Neutral", "Sad")) -> Neutral | T65: =IF(Table13[[#This Row],[energy]]>=0.7, "High Energy", IF(Table13[[#This Row],[energy]]>=0.4, "Medium Energy", "Low Energy")) -> Medium Energy | U65: =IF(Table13[[#This Row],[popularity]]>70, "Popular", IF(Table13[[#This Row],[popularity]]<40, "Less Popular", "Mid")) -> Mid
B66: "Slut!" (Taylor's Version) (From The Vault) | C66: 1989 (Taylor's Version) [Deluxe] | D66: 45226 | E66: 17 | F66: 0.022916667 | G66: 0.43125 | H66: 0.28819444 | I66: 0.000112 | J66: 0.44027778 | K66: -13187 | L66: 0.37708333 | M66: 77978 | N66: 0.21736111 | O66: 64 | P66: 180381 | Q66: =YEAR(Table13[[#This Row],[release_date]]) -> 2023 | R66: =ROUND(Table13[[#This Row],[duration_ms]]/60000,2) -> 3.01 | S66: =IF(Table13[[#This Row],[valence]]>=0.6, "Happy", IF(Table13[[#This Row],[valence]]>=0.4, "Neutral", "Sad")) -> Sad | T66: =IF(Table13[[#This Row],[energy]]>=0.7, "High Energy", IF(Table13[[#This Row],[energy]]>=0.4, "Medium Energy", "Low Energy")) -> Low Energy | U66: =IF(Table13[[#This Row],[popularity]]>70, "Popular", IF(Table13[[#This Row],[popularity]]<40, "Less Popular", "Mid")) -> Mid
B67: Say Don't Go (Taylor's Version) (From The Vault) | C67: 1989 (Taylor's Version) [Deluxe] | D67: 45226 | E67: 18 | F67: 0.475 | G67: 0.43888889 | H67: 0.37430556 | I67: 5.82e-06 | J67: 0.091666667 | K67: -8375 | L67: 0.2375 | M67: 109962 | N67: 0.12916667 | O67: 63 | P67: 279833 | Q67: =YEAR(Table13[[#This Row],[release_date]]) -> 2023 | R67: =ROUND(Table13[[#This Row],[duration_ms]]/60000,2) -> 4.66 | S67: =IF(Table13[[#This Row],[valence]]>=0.6, "Happy", IF(Table13[[#This Row],[valence]]>=0.4, "Neutral", "Sad")) -> Sad | T67: =IF(Table13[[#This Row],[energy]]>=0.7, "High Energy", IF(Table13[[#This Row],[energy]]>=0.4, "Medium Energy", "Low Energy")) -> Low Energy | U67: =IF(Table13[[#This Row],[popularity]]>70, "Popular", IF(Table13[[#This Row],[popularity]]<40, "Less Popular", "Mid")) -> Mid
B68: Now That We Don't Talk (Taylor's Version) (From The Vault) | C68: 1989 (Taylor's Version) [Deluxe] | D68: 45226 | E68: 19 | F68: 0.011111111 | G68: 0.0055555556 | H68: 0.35347222 | I68: 3.05e-05 | J68: 0.57916667 | K68: -9386 | L68: 0.034 | M68: 109994 | N68: 0.53333333 | O68: 65 | P68: 146436 | Q68: =YEAR(Table13[[#This Row],[release_date]]) -> 2023 | R68: =ROUND(Table13[[#This Row],[duration_ms]]/60000,2) -> 2.44 | S68: =IF(Table13[[#This Row],[valence]]>=0.6, "Happy", IF(Table13[[#This Row],[valence]]>=0.4, "Neutral", "Sad")) -> Neutral | T68: =IF(Table13[[#This Row],[energy]]>=0.7, "High Energy", IF(Table13[[#This Row],[energy]]>=0.4, "Medium Energy", "Low Energy")) -> Low Energy | U68: =IF(Table13[[#This Row],[popularity]]>70, "Popular", IF(Table13[[#This Row],[popularity]]<40, "Less Popular", "Mid")) -> Mid
B69: Suburban Legends (Taylor's Version) (From The Vault) | C69: 1989 (Taylor's Version) [Deluxe] | D69: 45226 | E69: 20 | F69: 0.14722222 | G69: 0.48263889 | H69: 0.42152778 | I69: 0 | J69: 0.070833333 | K69: -8.84 | L69: 0.24791667 | M69: 118043 | N69: 0.27361111 | O69: 61 | P69: 171818 | Q69: =YEAR(Table13[[#This Row],[release_date]]) -> 2023 | R69: =ROUND(Table13[[#This Row],[duration_ms]]/60000,2) -> 2.86 | S69: =IF(Table13[[#This Row],[valence]]>=0.6, "Happy", IF(Table13[[#This Row],[valence]]>=0.4, "Neutral", "Sad")) -> Sad | T69: =IF(Table13[[#This Row],[energy]]>=0.7, "High Energy", IF(Table13[[#This Row],[energy]]>=0.4, "Medium Energy", "Low Energy")) -> Medium Energy | U69: =IF(Table13[[#This Row],[popularity]]>70, "Popular", IF(Table13[[#This Row],[popularity]]<40, "Less Popular", "Mid")) -> Mid
B70: Is It Over Now? (Taylor's Version) (From The Vault) | C70: 1989 (Taylor's Version) [Deluxe] | D70: 45226 | E70: 21 | F70: 0.3375 | G70: 0.41597222 | H70: 0.45208333 | I70: 0 | J70: 0.0875 | K70: -7343 | L70: 0.035 | M70: 100001 | N70: 0.10625 | O70: 66 | P70: 229477 | Q70: =YEAR(Table13[[#This Row],[release_date]]) -> 2023 | R70: =ROUND(Table13[[#This Row],[duration_ms]]/60000,2) -> 3.82 | S70: =IF(Table13[[#This Row],[valence]]>=0.6, "Happy", IF(Table13[[#This Row],[valence]]>=0.4, "Neutral", "Sad")) -> Sad | T70: =IF(Table13[[#This Row],[energy]]>=0.7, "High Energy", IF(Table13[[#This Row],[energy]]>=0.4, "Medium Energy", "Low Energy")) -> Medium Energy | U70: =IF(Table13[[#This Row],[popularity]]>70, "Popular", IF(Table13[[#This Row],[popularity]]<40, "Less Popular", "Mid")) -> Mid
B71: Bad Blood (feat. Kendrick Lamar) (Taylor's Version) | C71: 1989 (Taylor's Version) [Deluxe] | D71: 45226 | E71: 22 | F71: 0.099305556 | G71: 0.41944444 | H71: 0.44722222 | I71: 0 | J71: 0.16458333 | K71: -6931 | L71: 0.61736111 | M71: 170088 | N71: 0.13680556 | O71: 74 | P71: 199773 | Q71: =YEAR(Table13[[#This Row],[release_date]]) -> 2023 | R71: =ROUND(Table13[[#This Row],[duration_ms]]/60000,2) -> 3.33 | S71: =IF(Table13[[#This Row],[valence]]>=0.6, "Happy", IF(Table13[[#This Row],[valence]]>=0.4, "Neutral", "Sad")) -> Sad | T71: =IF(Table13[[#This Row],[energy]]>=0.7, "High Energy", IF(Table13[[#This Row],[energy]]>=0.4, "Medium Energy", "Low Energy")) -> Medium Energy | U71: =IF(Table13[[#This Row],[popularity]]>70, "Popular", IF(Table13[[#This Row],[popularity]]<40, "Less Popular", "Mid")) -> Popular
B72: Welcome To New York (Taylor's Version) | C72: 1989 (Taylor's Version) | D72: 45225 | E72: 1 | F72: 0.00661 | G72: 0.052777778 | H72: 0.41805556 | I72: 0.000133 | J72: 0.22569444 | K72: -4871 | L72: 0.21944444 | M72: 116989 | N72: 0.47569444 | O72: 71 | P72: 212600 | Q72: =YEAR(Table13[[#This Row],[release_date]]) -> 2023 | R72: =ROUND(Table13[[#This Row],[duration_ms]]/60000,2) -> 3.54 | S72: =IF(Table13[[#This Row],[valence]]>=0.6, "Happy", IF(Table13[[#This Row],[valence]]>=0.4, "Neutral", "Sad")) -> Neutral | T72: =IF(Table13[[#This Row],[energy]]>=0.7, "High Energy", IF(Table13[[#This Row],[energy]]>=0.4, "Medium Energy", "Low Energy")) -> Medium Energy | U72: =IF(Table13[[#This Row],[popularity]]>70, "Popular", IF(Table13[[#This Row],[popularity]]<40, "Less Popular", "Mid")) -> Popular
B73: Blank Space (Taylor's Version) | C73: 1989 (Taylor's Version) | D73: 45225 | E73: 2 | F73: 0.62569444 | G73: 0.50833333 | H73: 0.49930556 | I73: 0 | J73: 0.22986111 | K73: -5469 | L73: 0.44791667 | M73: 96035 | N73: 0.049305556 | O73: 80 | P73: 231833 | Q73: =YEAR(Table13[[#This Row],[release_date]]) -> 2023 | R73: =ROUND(Table13[[#This Row],[duration_ms]]/60000,2) -> 3.86 | S73: =IF(Table13[[#This Row],[valence]]>=0.6, "Happy", IF(Table13[[#This Row],[valence]]>=0.4, "Neutral", "Sad")) -> Sad | T73: =IF(Table13[[#This Row],[energy]]>=0.7, "High Energy", IF(Table13[[#This Row],[energy]]>=0.4, "Medium Energy", "Low Energy")) -> Medium Energy | U73: =IF(Table13[[#This Row],[popularity]]>70, "Popular", IF(Table13[[#This Row],[popularity]]<40, "Less Popular", "Mid")) -> Popular
B74: Style (Taylor's Version) | C74: 1989 (Taylor's Version) | D74: 45225 | E74: 3 | F74: 0.000456 | G74: 0.35694444 | H74: 0.57013889 | I74: 0.16111111 | J74: 0.65694444 | K74: -4803 | L74: 0.30833333 | M74: 94884 | N74: 0.20694444 | O74: 79 | P74: 231000 | Q74: =YEAR(Table13[[#This Row],[release_date]]) -> 2023 | R74: =ROUND(Table13[[#This Row],[duration_ms]]/60000,2) -> 3.85 | S74: =IF(Table13[[#This Row],[valence]]>=0.6, "Happy", IF(Table13[[#This Row],[valence]]>=0.4, "Neutral", "Sad")) -> Sad | T74: =IF(Table13[[#This Row],[energy]]>=0.7, "High Energy", IF(Table13[[#This Row],[energy]]>=0.4, "Medium Energy", "Low Energy")) -> Medium Energy | U74: =IF(Table13[[#This Row],[popularity]]>70, "Popular", IF(Table13[[#This Row],[popularity]]<40, "Less Popular", "Mid")) -> Popular
B75: Out Of The Woods (Taylor's Version) | C75: 1989 (Taylor's Version) | D75: 45225 | E75: 4 | F75: 0.000466 | G75: 0.37777778 | H75: 0.61388889 | I75: 0.000134 | J75: 0.26458333 | K75: -5973 | L75: 0.26597222 | M75: 91981 | N75: 0.12777778 | O75: 73 | P75: 235800 | Q75: =YEAR(Table13[[#This Row],[release_date]]) -> 2023 | R75: =ROUND(Table13[[#This Row],[duration_ms]]/60000,2) -> 3.93 | S75: =IF(Table13[[#This Row],[valence]]>=0.6, "Happy", IF(Table13[[#This Row],[valence]]>=0.4, "Neutral", "Sad")) -> Sad | T75: =IF(Table13[[#This Row],[energy]]>=0.7, "High Energy", IF(Table13[[#This Row],[energy]]>=0.4, "Medium Energy", "Low Energy")) -> Medium Energy | U75: =IF(Table13[[#This Row],[popularity]]>70, "Popular", IF(Table13[[#This Row],[popularity]]<40, "Less Popular", "Mid")) -> Popular
B76: All You Had To Do Was Stay (Taylor's Version) | C76: 1989 (Taylor's Version) | D76: 45225 | E76: 5 | F76: 0.000778 | G76: 0.40902778 | H76: 0.49513889 | I76: 0 | J76: 0.13055556 | K76: -5614 | L76: 0.21388889 | M76: 97069 | N76: 0.0375 | O76: 69 | P76: 193289 | Q76: =YEAR(Table13[[#This Row],[release_date]]) -> 2023 | R76: =ROUND(Table13[[#This Row],[duration_ms]]/60000,2) -> 3.22 | S76: =IF(Table13[[#This Row],[valence]]>=0.6, "Happy", IF(Table13[[#This Row],[valence]]>=0.4, "Neutral", "Sad")) -> Sad | T76: =IF(Table13[[#This Row],[energy]]>=0.7, "High Energy", IF(Table13[[#This Row],[energy]]>=0.4, "Medium Energy", "Low Energy")) -> Medium Energy | U76: =IF(Table13[[#This Row],[popularity]]>70, "Popular", IF(Table13[[#This Row],[popularity]]<40, "Less Popular", "Mid")) -> Mid
B77: Shake It Off (Taylor's Version) | C77: 1989 (Taylor's Version) | D77: 45225 | E77: 6 | F77: 0.077777778 | G77: 0.43888889 | H77: 0.55902778 | I77: 2.51e-05 | J77: 0.10833333 | K77: -5707 | L77: 0.069 | M77: 160052 | N77: 0.62708333 | O77: 75 | P77: 219209 | Q77: =YEAR(Table13[[#This Row],[release_date]]) -> 2023 | R77: =ROUND(Table13[[#This Row],[duration_ms]]/60000,2) -> 3.65 | S77: =IF(Table13[[#This Row],[valence]]>=0.6, "Happy", IF(Table13[[#This Row],[valence]]>=0.4, "Neutral", "Sad")) -> Happy | T77: =IF(Table13[[#This Row],[energy]]>=0.7, "High Energy", IF(Table13[[#This Row],[energy]]>=0.4, "Medium Energy", "Low Energy")) -> Medium Energy | U77: =IF(Table13[[#This Row],[popularity]]>70, "Popular", IF(Table13[[#This Row],[popularity]]<40, "Less Popular", "Mid")) -> Popular
B78: I Wish You Would (Taylor's Version) | C78: 1989 (Taylor's Version) | D78: 45225 | E78: 7 | F78: 0.00388 | G78: 0.46597222 | H78: 0.59236111 | I78: 9.48e-06 | J78: 0.56388889 | K78: -6568 | L78: 0.28958333 | M78: 118032 | N78: 0.36319444 | O78: 68 | P78: 207650 | Q78: =YEAR(Table13[[#This Row],[release_date]]) -> 2023 | R78: =ROUND(Table13[[#This Row],[duration_ms]]/60000,2) -> 3.46 | S78: =IF(Table13[[#This Row],[valence]]>=0.6, "Happy", IF(Table13[[#This Row],[valence]]>=0.4, "Neutral", "Sad")) -> Sad | T78: =IF(Table13[[#This Row],[energy]]>=0.7, "High Energy", IF(Table13[[#This Row],[energy]]>=0.4, "Medium Energy", "Low Energy")) -> Medium Energy | U78: =IF(Table13[[#This Row],[popularity]]>70, "Popular", IF(Table13[[#This Row],[popularity]]<40, "Less Popular", "Mid")) -> Mid
B79: Bad Blood (Taylor's Version) | C79: 1989 (Taylor's Version) | D79: 45225 | E79: 8 | F79: 0.25625 | G79: 0.43333333 | H79: 0.49375 | I79: 3.13e-06 | J79: 0.013194444 | K79: -6347 | L79: 0.11041667 | M79: 169999 | N79: 0.24097222 | O79: 71 | P79: 211103 | Q79: =YEAR(Table13[[#This Row],[release_date]]) -> 2023 | R79: =ROUND(Table13[[#This Row],[duration_ms]]/60000,2) -> 3.52 | S79: =IF(Table13[[#This Row],[valence]]>=0.6, "Happy", IF(Table13[[#This Row],[valence]]>=0.4, "Neutral", "Sad")) -> Sad | T79: =IF(Table13[[#This Row],[energy]]>=0.7, "High Energy", IF(Table13[[#This Row],[energy]]>=0.4, "Medium Energy", "Low Energy")) -> Medium Energy | U79: =IF(Table13[[#This Row],[popularity]]>70, "Popular", IF(Table13[[#This Row],[popularity]]<40, "Less Popular", "Mid")) -> Popular
B80: Wildest Dreams (Taylor's Version) | C80: 1989 (Taylor's Version) | D80: 45225 | E80: 9 | F80: 0.24166667 | G80: 0.40763889 | H80: 0.46041667 | I80: 9.95e-05 | J80: 0.67430556 | K80: -7439 | L80: 0.41527778 | M80: 139993 | N80: 0.37430556 | O80: 77 | P80: 220433 | Q80: =YEAR(Table13[[#This Row],[release_date]]) -> 2023 | R80: =ROUND(Table13[[#This Row],[duration_ms]]/60000,2) -> 3.67 | S80: =IF(Table13[[#This Row],[valence]]>=0.6, "Happy", IF(Table13[[#This Row],[valence]]>=0.4, "Neutral", "Sad")) -> Sad | T80: =IF(Table13[[#This Row],[energy]]>=0.7, "High Energy", IF(Table13[[#This Row],[energy]]>=0.4, "Medium Energy", "Low Energy")) -> Medium Energy | U80: =IF(Table13[[#This Row],[popularity]]>70, "Popular", IF(Table13[[#This Row],[popularity]]<40, "Less Popular", "Mid")) -> Popular
B81: How You Get The Girl (Taylor's Version) | C81: 1989 (Taylor's Version) | D81: 45225 | E81: 10 | F81: 0.00198 | G81: 0.52847222 | H81: 0.046527778 | I81: 1.08e-05 | J81: 0.60625 | K81: -5956 | L81: 0.37291667 | M81: 120014 | N81: 0.36041667 | O81: 67 | P81: 247533 | Q81: =YEAR(Table13[[#This Row],[release_date]]) -> 2023 | R81: =ROUND(Table13[[#This Row],[duration_ms]]/60000,2) -> 4.13 | S81: =IF(Table13[[#This Row],[valence]]>=0.6, "Happy", IF(Table13[[#This Row],[valence]]>=0.4, "Neutral", "Sad")) -> Sad | T81: =IF(Table13[[#This Row],[energy]]>=0.7, "High Energy", IF(Table13[[#This Row],[energy]]>=0.4, "Medium Energy", "Low Energy")) -> Low Energy | U81: =IF(Table13[[#This Row],[popularity]]>70, "Popular", IF(Table13[[#This Row],[popularity]]<40, "Less Popular", "Mid")) -> Mid
B82: This Love (Taylor’s Version) | C82: 1989 (Taylor's Version) | D82: 45225 | E82: 11 | F82: 0.20972222 | G82: 0.032638889 | H82: 0.34305556 | I82: 0 | J82: 0.46666667 | K82: -8672 | L82: 0.24236111 | M82: 144039 | N82: 0.36388889 | O82: 67 | P82: 250100 | Q82: =YEAR(Table13[[#This Row],[release_date]]) -> 2023 | R82: =ROUND(Table13[[#This Row],[duration_ms]]/60000,2) -> 4.17 | S82: =IF(Table13[[#This Row],[valence]]>=0.6, "Happy", IF(Table13[[#This Row],[valence]]>=0.4, "Neutral", "Sad")) -> Sad | T82: =IF(Table13[[#This Row],[energy]]>=0.7, "High Energy", IF(Table13[[#This Row],[energy]]>=0.4, "Medium Energy", "Low Energy")) -> Low Energy | U82: =IF(Table13[[#This Row],[popularity]]>70, "Popular", IF(Table13[[#This Row],[popularity]]<40, "Less Popular", "Mid")) -> Mid
B83: I Know Places (Taylor's Version) | C83: 1989 (Taylor's Version) | D83: 45225 | E83: 12 | F83: 0.5875 | G83: 0.39722222 | H83: 0.56041667 | I83: 0 | J83: 0.071 | K83: -5348 | L83: 0.39861111 | M83: 160015 | N83: 0.43472222 | O83: 66 | P83: 195700 | Q83: =YEAR(Table13[[#This Row],[release_date]]) -> 2023 | R83: =ROUND(Table13[[#This Row],[duration_ms]]/60000,2) -> 3.26 | S83: =IF(Table13[[#This Row],[valence]]>=0.6, "Happy", IF(Table13[[#This Row],[valence]]>=0.4, "Neutral", "Sad")) -> Neutral | T83: =IF(Table13[[#This Row],[energy]]>=0.7, "High Energy", IF(Table13[[#This Row],[energy]]>=0.4, "Medium Energy", "Low Energy")) -> Medium Energy | U83: =IF(Table13[[#This Row],[popularity]]>70, "Popular", IF(Table13[[#This Row],[popularity]]<40, "Less Popular", "Mid")) -> Mid
B84: Clean (Taylor's Version) | C84: 1989 (Taylor's Version) | D84: 45225 | E84: 13 | F84: 0.20625 | G84: 0.54305556 | H84: 0.26319444 | I84: 2.98e-05 | J84: 0.071527778 | K84: -8964 | L84: 0.21041667 | M84: 103.99 | N84: 0.18541667 | O84: 70 | P84: 271000 | Q84: =YEAR(Table13[[#This Row],[release_date]]) -> 2023 | R84: =ROUND(Table13[[#This Row],[duration_ms]]/60000,2) -> 4.52 | S84: =IF(Table13[[#This Row],[valence]]>=0.6, "Happy", IF(Table13[[#This Row],[valence]]>=0.4, "Neutral", "Sad")) -> Sad | T84: =IF(Table13[[#This Row],[energy]]>=0.7, "High Energy", IF(Table13[[#This Row],[energy]]>=0.4, "Medium Energy", "Low Energy")) -> Low Energy | U84: =IF(Table13[[#This Row],[popularity]]>70, "Popular", IF(Table13[[#This Row],[popularity]]<40, "Less Popular", "Mid")) -> Mid
B85: Wonderland (Taylor's Version) | C85: 1989 (Taylor's Version) | D85: 45225 | E85: 14 | F85: 0.072916667 | G85: 0.26875 | H85: 0.48819444 | I85: 1.1e-05 | J85: 0.088888889 | K85: -5956 | L85: 0.37847222 | M85: 5.1375 | N85: 0.022222222 | O85: 67 | P85: 245566 | Q85: =YEAR(Table13[[#This Row],[release_date]]) -> 2023 | R85: =ROUND(Table13[[#This Row],[duration_ms]]/60000,2) -> 4.09 | S85: =IF(Table13[[#This Row],[valence]]>=0.6, "Happy", IF(Table13[[#This Row],[valence]]>=0.4, "Neutral", "Sad")) -> Sad | T85: =IF(Table13[[#This Row],[energy]]>=0.7, "High Energy", IF(Table13[[#This Row],[energy]]>=0.4, "Medium Energy", "Low Energy")) -> Medium Energy | U85: =IF(Table13[[#This Row],[popularity]]>70, "Popular", IF(Table13[[#This Row],[popularity]]<40, "Less Popular", "Mid")) -> Mid
B86: You Are In Love (Taylor's Version) | C86: 1989 (Taylor's Version) | D86: 45225 | E86: 15 | F86: 0.39722222 | G86: 0.38472222 | H86: 0.35347222 | I86: 2.08e-06 | J86: 0.078472222 | K86: -9403 | L86: 0.31597222 | M86: 85079 | N86: 0.27847222 | O86: 69 | P86: 267389 | Q86: =YEAR(Table13[[#This Row],[release_date]]) -> 2023 | R86: =ROUND(Table13[[#This Row],[duration_ms]]/60000,2) -> 4.46 | S86: =IF(Table13[[#This Row],[valence]]>=0.6, "Happy", IF(Table13[[#This Row],[valence]]>=0.4, "Neutral", "Sad")) -> Sad | T86: =IF(Table13[[#This Row],[energy]]>=0.7, "High Energy", IF(Table13[[#This Row],[energy]]>=0.4, "Medium Energy", "Low Energy")) -> Low Energy | U86: =IF(Table13[[#This Row],[popularity]]>70, "Popular", IF(Table13[[#This Row],[popularity]]<40, "Less Popular", "Mid")) -> Mid
B87: New Romantics (Taylor's Version) | C87: 1989 (Taylor's Version) | D87: 45225 | E87: 16 | F87: 0.00516 | G87: 0.45347222 | H87: 0.58888889 | I87: 4.24e-06 | J87: 0.55416667 | K87: -5936 | L87: 0.40486111 | M87: 122017 | N87: 0.50277778 | O87: 74 | P87: 230177 | Q87: =YEAR(Table13[[#This Row],[release_date]]) -> 2023 | R87: =ROUND(Table13[[#This Row],[duration_ms]]/60000,2) -> 3.84 | S87: =IF(Table13[[#This Row],[valence]]>=0.6, "Happy", IF(Table13[[#This Row],[valence]]>=0.4, "Neutral", "Sad")) -> Neutral | T87: =IF(Table13[[#This Row],[energy]]>=0.7, "High Energy", IF(Table13[[#This Row],[energy]]>=0.4, "Medium Energy", "Low Energy")) -> Medium Energy | U87: =IF(Table13[[#This Row],[popularity]]>70, "Popular", IF(Table13[[#This Row],[popularity]]<40, "Less Popular", "Mid")) -> Popular
B88: "Slut!" (Taylor's Version) (From The Vault) | C88: 1989 (Taylor's Version) | D88: 45225 | E88: 17 | F88: 0.022916667 | G88: 0.43125 | H88: 0.28819444 | I88: 0.000112 | J88: 0.44027778 | K88: -13187 | L88: 0.37708333 | M88: 77978 | N88: 0.21736111 | O88: 77 | P88: 180381 | Q88: =YEAR(Table13[[#This Row],[release_date]]) -> 2023 | R88: =ROUND(Table13[[#This Row],[duration_ms]]/60000,2) -> 3.01 | S88: =IF(Table13[[#This Row],[valence]]>=0.6, "Happy", IF(Table13[[#This Row],[valence]]>=0.4, "Neutral", "Sad")) -> Sad | T88: =IF(Table13[[#This Row],[energy]]>=0.7, "High Energy", IF(Table13[[#This Row],[energy]]>=0.4, "Medium Energy", "Low Energy")) -> Low Energy | U88: =IF(Table13[[#This Row],[popularity]]>70, "Popular", IF(Table13[[#This Row],[popularity]]<40, "Less Popular", "Mid")) -> Popular
B89: Say Don't Go (Taylor's Version) (From The Vault) | C89: 1989 (Taylor's Version) | D89: 45225 | E89: 18 | F89: 0.475 | G89: 0.43888889 | H89: 0.37430556 | I89: 5.82e-06 | J89: 0.091666667 | K89: -8375 | L89: 0.2375 | M89: 109962 | N89: 0.12916667 | O89: 73 | P89: 279833 | Q89: =YEAR(Table13[[#This Row],[release_date]]) -> 2023 | R89: =ROUND(Table13[[#This Row],[duration_ms]]/60000,2) -> 4.66 | S89: =IF(Table13[[#This Row],[valence]]>=0.6, "Happy", IF(Table13[[#This Row],[valence]]>=0.4, "Neutral", "Sad")) -> Sad | T89: =IF(Table13[[#This Row],[energy]]>=0.7, "High Energy", IF(Table13[[#This Row],[energy]]>=0.4, "Medium Energy", "Low Energy")) -> Low Energy | U89: =IF(Table13[[#This Row],[popularity]]>70, "Popular", IF(Table13[[#This Row],[popularity]]<40, "Less Popular", "Mid")) -> Popular
B90: Now That We Don't Talk (Taylor's Version) (From The Vault) | C90: 1989 (Taylor's Version) | D90: 45225 | E90: 19 | F90: 0.011111111 | G90: 0.0055555556 | H90: 0.35347222 | I90: 3.05e-05 | J90: 0.57916667 | K90: -9386 | L90: 0.034 | M90: 109994 | N90: 0.53333333 | O90: 77 | P90: 146436 | Q90: =YEAR(Table13[[#This Row],[release_date]]) -> 2023 | R90: =ROUND(Table13[[#This Row],[duration_ms]]/60000,2) -> 2.44 | S90: =IF(Table13[[#This Row],[valence]]>=0.6, "Happy", IF(Table13[[#This Row],[valence]]>=0.4, "Neutral", "Sad")) -> Neutral | T90: =IF(Table13[[#This Row],[energy]]>=0.7, "High Energy", IF(Table13[[#This Row],[energy]]>=0.4, "Medium Energy", "Low Energy")) -> Low Energy | U90: =IF(Table13[[#This Row],[popularity]]>70, "Popular", IF(Table13[[#This Row],[popularity]]<40, "Less Popular", "Mid")) -> Popular
B91: Suburban Legends (Taylor's Version) (From The Vault) | C91: 1989 (Taylor's Version) | D91: 45225 | E91: 20 | F91: 0.14722222 | G91: 0.48263889 | H91: 0.42152778 | I91: 0 | J91: 0.070833333 | K91: -8.84 | L91: 0.24791667 | M91: 118043 | N91: 0.27361111 | O91: 68 | P91: 171818 | Q91: =YEAR(Table13[[#This Row],[release_date]]) -> 2023 | R91: =ROUND(Table13[[#This Row],[duration_ms]]/60000,2) -> 2.86 | S91: =IF(Table13[[#This Row],[valence]]>=0.6, "Happy", IF(Table13[[#This Row],[valence]]>=0.4, "Neutral", "Sad")) -> Sad | T91: =IF(Table13[[#This Row],[energy]]>=0.7, "High Energy", IF(Table13[[#This Row],[energy]]>=0.4, "Medium Energy", "Low Energy")) -> Medium Energy | U91: =IF(Table13[[#This Row],[popularity]]>70, "Popular", IF(Table13[[#This Row],[popularity]]<40, "Less Popular", "Mid")) -> Mid
B92: Is It Over Now? (Taylor's Version) (From The Vault) | C92: 1989 (Taylor's Version) | D92: 45225 | E92: 21 | F92: 0.3375 | G92: 0.41597222 | H92: 0.45208333 | I92: 0 | J92: 0.0875 | K92: -7343 | L92: 0.035 | M92: 100001 | N92: 0.10625 | O92: 78 | P92: 229477 | Q92: =YEAR(Table13[[#This Row],[release_date]]) -> 2023 | R92: =ROUND(Table13[[#This Row],[duration_ms]]/60000,2) -> 3.82 | S92: =IF(Table13[[#This Row],[valence]]>=0.6, "Happy", IF(Table13[[#This Row],[valence]]>=0.4, "Neutral", "Sad")) -> Sad | T92: =IF(Table13[[#This Row],[energy]]>=0.7, "High Energy", IF(Table13[[#This Row],[energy]]>=0.4, "Medium Energy", "Low Energy")) -> Medium Energy | U92: =IF(Table13[[#This Row],[popularity]]>70, "Popular", IF(Table13[[#This Row],[popularity]]<40, "Less Popular", "Mid")) -> Popular
B93: Mine (Taylor's Version) | C93: Speak Now (Taylor's Version) | D93: 45114 | E93: 1 | F93: 0.00314 | G93: 0.44930556 | H93: 0.55069444 | I93: 1.93e-06 | J93: 0.12083333 | K93: -2903 | L93: 0.25208333 | M93: 121101 | N93: 0.0034722222 | O93: 74 | P93: 231706 | Q93: =YEAR(Table13[[#This Row],[release_date]]) -> 2023 | R93: =ROUND(Table13[[#This Row],[duration_ms]]/60000,2) -> 3.86 | S93: =IF(Table13[[#This Row],[valence]]>=0.6, "Happy", IF(Table13[[#This Row],[valence]]>=0.4, "Neutral", "Sad")) -> Sad | T93: =IF(Table13[[#This Row],[energy]]>=0.7, "High Energy", IF(Table13[[#This Row],[energy]]>=0.4, "Medium Energy", "Low Energy")) -> Medium Energy | U93: =IF(Table13[[#This Row],[popularity]]>70, "Popular", IF(Table13[[#This Row],[popularity]]<40, "Less Popular", "Mid")) -> Popular
B94: Sparks Fly (Taylor’s Version) | C94: Speak Now (Taylor's Version) | D94: 45114 | E94: 2 | F94: 0.16736111 | G94: 0.42013889 | H94: 0.53402778 | I94: 0 | J94: 0.65 | K94: -2413 | L94: 0.032 | M94: 114921 | N94: 0.25416667 | O94: 72 | P94: 261230 | Q94: =YEAR(Table13[[#This Row],[release_date]]) -> 2023 | R94: =ROUND(Table13[[#This Row],[duration_ms]]/60000,2) -> 4.35 | S94: =IF(Table13[[#This Row],[valence]]>=0.6, "Happy", IF(Table13[[#This Row],[valence]]>=0.4, "Neutral", "Sad")) -> Sad | T94: =IF(Table13[[#This Row],[energy]]>=0.7, "High Energy", IF(Table13[[#This Row],[energy]]>=0.4, "Medium Energy", "Low Energy")) -> Medium Energy | U94: =IF(Table13[[#This Row],[popularity]]>70, "Popular", IF(Table13[[#This Row],[popularity]]<40, "Less Popular", "Mid")) -> Popular
B95: Back To December (Taylor's Version) | C95: Speak Now (Taylor's Version) | D95: 45114 | E95: 3 | F95: 0.00705 | G95: 0.3375 | H95: 0.44097222 | I95: 0 | J95: 0.082638889 | K95: -3994 | L95: 0.19305556 | M95: 141868 | N95: 0.16319444 | O95: 74 | P95: 294189 | Q95: =YEAR(Table13[[#This Row],[release_date]]) -> 2023 | R95: =ROUND(Table13[[#This Row],[duration_ms]]/60000,2) -> 4.9 | S95: =IF(Table13[[#This Row],[valence]]>=0.6, "Happy", IF(Table13[[#This Row],[valence]]>=0.4, "Neutral", "Sad")) -> Sad | T95: =IF(Table13[[#This Row],[energy]]>=0.7, "High Energy", IF(Table13[[#This Row],[energy]]>=0.4, "Medium Energy", "Low Energy")) -> Medium Energy | U95: =IF(Table13[[#This Row],[popularity]]>70, "Popular", IF(Table13[[#This Row],[popularity]]<40, "Less Popular", "Mid")) -> Popular
B96: Speak Now (Taylor's Version) | C96: Speak Now (Taylor's Version) | D96: 45114 | E96: 4 | F96: 0.15625 | G96: 0.50972222 | H96: 0.47638889 | I96: 0 | J96: 0.094444444 | K96: -2926 | L96: 0.24236111 | M96: 119002 | N96: 0.41527778 | O96: 69 | P96: 242473 | Q96: =YEAR(Table13[[#This Row],[release_date]]) -> 2023 | R96: =ROUND(Table13[[#This Row],[duration_ms]]/60000,2) -> 4.04 | S96: =IF(Table13[[#This Row],[valence]]>=0.6, "Happy", IF(Table13[[#This Row],[valence]]>=0.4, "Neutral", "Sad")) -> Neutral | T96: =IF(Table13[[#This Row],[energy]]>=0.7, "High Energy", IF(Table13[[#This Row],[energy]]>=0.4, "Medium Energy", "Low Energy")) -> Medium Energy | U96: =IF(Table13[[#This Row],[popularity]]>70, "Popular", IF(Table13[[#This Row],[popularity]]<40, "Less Popular", "Mid")) -> Mid
B97: Dear John (Taylor's Version) | C97: Speak Now (Taylor's Version) | D97: 45114 | E97: 5 | F97: 0.22708333 | G97: 0.26319444 | H97: 0.325 | I97: 0 | J97: 0.10972222 | K97: -5.07 | L97: 0.20694444 | M97: 119447 | N97: 0.079861111 | O97: 69 | P97: 405906 | Q97: =YEAR(Table13[[#This Row],[release_date]]) -> 2023 | R97: =ROUND(Table13[[#This Row],[duration_ms]]/60000,2) -> 6.77 | S97: =IF(Table13[[#This Row],[valence]]>=0.6, "Happy", IF(Table13[[#This Row],[valence]]>=0.4, "Neutral", "Sad")) -> Sad | T97: =IF(Table13[[#This Row],[energy]]>=0.7, "High Energy", IF(Table13[[#This Row],[energy]]>=0.4, "Medium Energy", "Low Energy")) -> Low Energy | U97: =IF(Table13[[#This Row],[popularity]]>70, "Popular", IF(Table13[[#This Row],[popularity]]<40, "Less Popular", "Mid")) -> Mid
B98: Mean (Taylor's Version) | C98: Speak Now (Taylor's Version) | D98: 45114 | E98: 6 | F98: 0.22291667 | G98: 0.36527778 | H98: 0.0048611111 | I98: 0 | J98: 0.14791667 | K98: -3.95 | L98: 0.27222222 | M98: 163949 | N98: 0.41388889 | O98: 69 | P98: 238693 | Q98: =YEAR(Table13[[#This Row],[release_date]]) -> 2023 | R98: =ROUND(Table13[[#This Row],[duration_ms]]/60000,2) -> 3.98 | S98: =IF(Table13[[#This Row],[valence]]>=0.6, "Happy", IF(Table13[[#This Row],[valence]]>=0.4, "Neutral", "Sad")) -> Neutral | T98: =IF(Table13[[#This Row],[energy]]>=0.7, "High Energy", IF(Table13[[#This Row],[energy]]>=0.4, "Medium Energy", "Low Energy")) -> Low Energy | U98: =IF(Table13[[#This Row],[popularity]]>70, "Popular", IF(Table13[[#This Row],[popularity]]<40, "Less Popular", "Mid")) -> Mid
B99: The Story Of Us (Taylor's Version) | C99: Speak Now (Taylor's Version) | D99: 45114 | E99: 7 | F99: 0.00136 | G99: 0.35833333 | H99: 0.54444444 | I99: 0 | J99: 0.34652778 | K99: -2636 | L99: 0.39097222 | M99: 139787 | N99: 0.38333333 | O99: 70 | P99: 267653 | Q99: =YEAR(Table13[[#This Row],[release_date]]) -> 2023 | R99: =ROUND(Table13[[#This Row],[duration_ms]]/60000,2) -> 4.46 | S99: =IF(Table13[[#This Row],[valence]]>=0.6, "Happy", IF(Table13[[#This Row],[valence]]>=0.4, "Neutral", "Sad")) -> Sad | T99: =IF(Table13[[#This Row],[energy]]>=0.7, "High Energy", IF(Table13[[#This Row],[energy]]>=0.4, "Medium Energy", "Low Energy")) -> Medium Energy | U99: =IF(Table13[[#This Row],[popularity]]>70, "Popular", IF(Table13[[#This Row],[popularity]]<40, "Less Popular", "Mid")) -> Mid
B100: Never Grow Up (Taylor's Version) | C100: Speak Now (Taylor's Version) | D100: 45114 | E100: 8 | F100: 0.60208333 | G100: 0.475 | H100: 0.23541667 | I100: 0 | J100: 0.13472222 | K100: -7259 | L100: 0.029 | M100: 125054 | N100: 0.39722222 | O100: 65 | P100: 292920 | Q100: =YEAR(Table13[[#This Row],[release_date]]) -> 2023 | R100: =ROUND(Table13[[#This Row],[duration_ms]]/60000,2) -> 4.88 | S100: =IF(Table13[[#This Row],[valence]]>=0.6, "Happy", IF(Table13[[#This Row],[valence]]>=0.4, "Neutral", "Sad")) -> Sad | T100: =IF(Table13[[#This Row],[energy]]>=0.7, "High Energy", IF(Table13[[#This Row],[energy]]>=0.4, "Medium Energy", "Low Energy")) -> Low Energy | U100: =IF(Table13[[#This Row],[popularity]]>70, "Popular", IF(Table13[[#This Row],[popularity]]<40, "Less Popular", "Mid")) -> Mid
B101: Enchanted (Taylor's Version) | C101: Speak Now (Taylor's Version) | D101: 45114 | E101: 9 | F101: 0.016 | G101: 0.036111111 | H101: 0.38402778 | I101: 0 | J101: 0.11458333 | K101: -3546 | L101: 0.18680556 | M101: 81949 | N101: 0.15763889 | O101: 80 | P101: 353253 | Q101: =YEAR(Table13[[#This Row],[release_date]]) -> 2023 | R101: =ROUND(Table13[[#This Row],[duration_ms]]/60000,2) -> 5.89 | S101: =IF(Table13[[#This Row],[valence]]>=0.6, "Happy", IF(Table13[[#This Row],[valence]]>=0.4, "Neutral", "Sad")) -> Sad | T101: =IF(Table13[[#This Row],[energy]]>=0.7, "High Energy", IF(Table13[[#This Row],[energy]]>=0.4, "Medium Energy", "Low Energy")) -> Low Energy | U101: =IF(Table13[[#This Row],[popularity]]>70, "Popular", IF(Table13[[#This Row],[popularity]]<40, "Less Popular", "Mid")) -> Popular
...

Sheet Pivot Table
B3: Row Labels | C3: Average of popularity | G3: Row Labels | H3: Average of duration_ms2 | J3: Row Labels | K3: Max of popularity
B4: THE TORTURED POETS DEPARTMENT: THE ANTHOLOGY | C4: 78.774194 | G4: Speak Now World Tour Live | H4: 4.95125 | J4: august | K4: 84
B5: THE TORTURED POETS DEPARTMENT | C5: 77 | G5: Speak Now | H5: 4.7871429 | J5: ...Ready For It? | K5: 82
B6: Lover | C6: 75.944444 | G6: Speak Now (Taylor's Version) | H6: 4.7604545 | J6: Anti-Hero | K6: 85
B7: reputation | C7: 75.733333 | G7: Speak Now (Deluxe Package) | H7: 4.5990909 | J7: cardigan | K7: 84
B8: Midnights | C8: 74.153846 | G8: Red (Taylor's Version) | H8: 4.3553333 | J8: Cruel Summer | K8: 93
B9: folklore | C9: 72.8125 | G9: Fearless (Platinum Edition) | H9: 4.1810526 | J9: Don’t Blame Me | K9: 85
B10: 1989 (Taylor's Version) | C10: 72.190476 | G10: Red (Deluxe Edition) | H10: 4.1213636 | J10: Down Bad | K10: 82
B11: Speak Now (Taylor's Version) | C11: 69.454545 | G11: Fearless (Taylor's Version) | H11: 4.0984615 | J11: Fortnight (feat. Post Malone) | K11: 91
B12: Red (Taylor's Version) | C12: 67.233333 | G12: THE TORTURED POETS DEPARTMENT | H12: 4.0775 | J12: Guilty as Sin? | K12: 82
B13: evermore | C13: 66.4 | G13: evermore (deluxe version) | H13: 4.0629412 | J13: I Can Do It With a Broken Heart | K13: 88
B14: Grand Total | C14: 72.908629 | G14: Red | H14: 4.056875 | J14: Lover | K14: 86
G15: evermore | H15: 4.05 | J15: So High School | K15: 82
B16: Row Labels | C16: Average of energy | G16: reputation Stadium Tour Surprise Song Playlist | H16: 4.0493478 | J16: Grand Total | K16: 93
B17: 2006 | C17: 0.4612963 | G17: Fearless (International Version) | H17: 4.00875
B18: 2008 | C18: 0.41710271 | G18: folklore | H18: 3.974375
B19: 2010 | C19: 0.44659455 | G19: folklore: the long pond studio sessions (from the Disney+ special) [deluxe edition] | H19: 3.9605882
B20: 2012 | C20: 0.39128289 | G20: THE TORTURED POETS DEPARTMENT: THE ANTHOLOGY | H20: 3.9548387
B21: 2014 | C21: 0.42078993 | G21: folklore (deluxe version) | H21: 3.9482353
B22: 2017 | C22: 0.41212432 | G22: 1989 | H22: 3.7530769
B23: 2019 | C23: 0.31404321 | G23: reputation | H23: 3.716
B24: 2020 | C24: 0.24852642 | G24: 1989 (Taylor's Version) | H24: 3.712381
B25: 2021 | C25: 0.38021309 | G25: 1989 (Taylor's Version) [Deluxe] | H25: 3.695
B26: 2022 | C26: 0.24772727 | G26: 1989 (Deluxe) | H26: 3.6189474
B27: 2023 | C27: 0.39544665 | G27: Taylor Swift (Deluxe Edition) | H27: 3.5653333
B28: 2024 | C28: 0.28289007 | G28: Midnights (The Til Dawn Edition) | H28: 3.5034783
B29: Grand Total | C29: 0.36358939 | G29: Live From Clear Channel Stripped 2008 | H29: 3.49125
G30: Midnights (3am Edition) | H30: 3.474
B31: Row Labels | C31: Average of energy | D31: Average of danceability | E31: Average of valence | G31: Lover | H31: 3.4366667
B32: 2006 | C32: 0.4612963 | D32: 0.35449074 | E32: 0.2962037 | G32: Midnights | H32: 3.3946154
B33: 2008 | C33: 0.41710271 | D33: 0.37716408 | E33: 0.24859496 | G33: Grand Total | H33: 3.9997079
B34: 2010 | C34: 0.44659455 | D34: 0.33736645 | E34: 0.2477297
B35: 2012 | C35: 0.39128289 | D35: 0.41935307 | E35: 0.32006579
B36: 2014 | C36: 0.42078993 | D36: 0.403125 | E36: 0.3202908
B37: 2017 | C37: 0.41212432 | D37: 0.37081056 | E37: 0.29314663
B38: 2019 | C38: 0.31404321 | D38: 0.43591821 | E38: 0.33433642
B39: 2020 | C39: 0.24852642 | D39: 0.34929709 | E39: 0.2199187
B40: 2021 | C40: 0.38021309 | D40: 0.36423135 | E40: 0.26696157
B41: 2022 | C41: 0.24772727 | D41: 0.35006313 | E41: 0.22609428
B42: 2023 | C42: 0.39544665 | D42: 0.36339173 | E42: 0.27151989
B43: 2024 | C43: 0.28289007 | D43: 0.34840426 | E43: 0.19298168
B44: Grand Total | C44: 0.36358939 | D44: 0.36686712 | E44: 0.26163731
B47: Row Labels | C47: Average of danceability | D47: Average of energy | E47: Average of valence
B48: Less Popular | C48: 0.3860799 | D48: 0.4022862 | E48: 0.29747191
B49: Mid | C49: 0.36210622 | D49: 0.35837601 | E49: 0.2581025
B50: Popular | C50: 0.36682613 | D50: 0.35190329 | E50: 0.24738683
B51: Grand Total | C51: 0.36686712 | D51: 0.36358939 | E51: 0.26163731
B53: Row Labels | C53: Average of tempo
B54: Less Popular | C54: 117314.91
B55: Popular | C55: 117330.65
B56: Grand Total | C56: 117324.42
B59: Row Labels | C59: Average of popularity
B60: Low Energy | C60: 59.583072
B61: Medium Energy | C61: 55.764259
B62: Grand Total | C62: 57.857388
B63: year | C63: (Multiple Items)
B65: Row Labels | C65: Count of name
B66: Happy | C66: 6
B67: Neutral | C67: 36
B68: Sad | C68: 281
B69: Grand Total | C69: 323

Sheet Dashboard
K73: Fitur | L73: Korelasi | N73: Nilai | O73: Arti
K74: Danceability | L74: =CORREL('Clean Data'!G3:G323, 'Clean Data'!O3:O323) -> 0.011661954 | N74: 0,7 - 1 | O74: Kuat
K75: Energy | L75: =CORREL('Clean Data'!H3:H323, 'Clean Data'!O3:O323) -> 0.17683541 | N75: 0,3 - 0,6 | O75: Sedang
K76: Velence | L76: =CORREL('Clean Data'!N3:N323, 'Clean Data'!O3:O323) -> -0.0069756293 | N76: 0 - 0,2 | O76: Lemah
K77: Tempo | L77: =CORREL('Clean Data'!M3:M323, 'Clean Data'!O3:O323) -> 0.047580086 | N77: Negatif | O77: Berlawanan
K78: Acousticness | L78: =CORREL('Clean Data'!F3:F323, 'Clean Data'!O3:O323) -> -0.21872321
